t_years,specialisation_margin_automation_composite,specialisation_margin_new_task_composite,tax_margin,tax_speed_margin,transfer_margin,net_rental_tax_base_margin
0.0,0.9940392084062235,0.6309607915937765,0.44999999999999996,0.4940674842737261,0.030958661884829153,0.045212613693524153
0.25,0.9968798443923539,0.6281201556076462,0.4514063179916978,0.49467473587334554,0.030327362747556597,0.04491788797624492
0.5,0.9995862511147403,0.6254137488852598,0.4526661316134915,0.4952399861667402,0.029727047128250528,0.0446376307663994
0.75,1.0021639850577266,0.6228360149422735,0.4537895991755836,0.49576593905883437,0.029158208280381376,0.044371185221740994
1.0,1.0046184189311973,0.6203815810688027,0.4547862265595841,0.4962551125196942,0.028617372665293267,0.04411792133230023
1.25,1.006954741240777,0.618045258759223,0.45566491191744307,0.4967098526663684,0.028104976162586254,0.04387723531787337
1.5,1.009177956995412,0.6158220430045879,0.4564339869933054,0.4971323467131791,0.027617882083532913,0.043648548954022745
1.75,1.0112928893633448,0.6137071106366553,0.45710125533979973,0.4975246348804369,0.027156476528603174,0.04343130884406382
2.0,1.013304182112497,0.6116958178875029,0.457674027678554,0.49788862134537315,0.026717928827456272,0.043224985651771713
2.25,1.015216302693276,0.6097836973067243,0.4581591546345368,0.4982260843130735,0.026302581601948344,0.04302907330717788
2.5,1.0170335458410573,0.6079664541589425,0.45856305705510514,0.4985386852794333,0.025907881584276593,0.04284308819580028
2.75,1.0187600375925179,0.6062399624074822,0.4588917541073249,0.4988279775526611,0.025534133206821852,0.042666568339913016
3.0,1.0203997396247257,0.604600260375274,0.45915088933117304,0.49909541409467045,0.025179034238998838,0.042499072578969496
3.25,1.0219564538388646,0.6030435461611353,0.45934575481140727,0.49934235473881106,0.02484285541061307,0.04234017975502395
3.5,1.0234338271216699,0.6015661728783303,0.4594813136176128,0.49957007283585364,0.02452352137023897,0.04218948790791231
3.75,1.024835356227584,0.600164643772416,0.45956222064914554,0.49977976137586266,0.02422127299195359,0.042046613484025275
4.0,1.0261643927331452,0.5988356072668549,0.45959284201054684,0.49997253862967095,0.023934239760929538,0.04191119056172689
4.25,1.0274241480226154,0.5975758519773847,0.45957727303243057,0.4998505466499893,0.023662636022284828,0.041782870095804656
4.5,1.0286176982703452,0.5963823017296547,0.45951935504327546,0.49968851043101226,0.023404776052055765,0.041661319182776504
4.75,1.0297479893910126,0.5952520106089874,0.4594226909887083,0.4995404289745281,0.0231608505660299,0.04154622034840365
5.0,1.0308178419336813,0.5941821580663188,0.45929065998725277,0.4994054347468302,0.02292934044817177,0.041437270858370776
5.25,1.0318299559000756,0.5931700440999244,0.45912643090309313,0.4992827126425954,0.022710415328950573,0.04133418205274131
5.5,1.032786915470827,0.592213084529173,0.45893297501114194,0.4991714964936198,0.022502706239726805,0.04123667870454438
5.75,1.033691193626841,0.591308806373159,0.45871307782244064,0.4990710658396129,0.02230636397083166,0.04114449840260136
6.0,1.034545156655557,0.590454843344443,0.45846935013275825,0.498980742939563,0.022120154822678484,0.041057390958518084
6.25,1.0353510685342229,0.589648931465777,0.45820423835203866,0.4988998900040384,0.021944212735799856,0.04097511783761376
6.5,1.0361110951843227,0.5888889048156776,0.4579200341676546,0.49882790663047444,0.021777425847863352,0.04089745161343078
6.75,1.0368273085930002,0.5881726914069999,0.45761888359013103,0.49876422742503534,0.021619913020917342,0.0408241754453713
7.0,1.037501690798786,0.5874983092012142,0.4573027954260802,0.49870831979604563,0.02147067211519299,0.04075508257892574
7.25,1.0381361377401706,0.5868638622598292,0.4569736492194976,0.4986596819052692,0.021329808495451852,0.040689975867897785
7.5,1.038732462966621,0.5862675370333791,0.45663320269929053,0.4986178407644845,0.02119641882568607,0.04062866731798473
7.75,1.0392924012125073,0.5857075987874927,0.45628309876790507,0.4985823504658712,0.021070596388368834,0.04057097765103766
8.0,1.0398176118351548,0.5851823881648452,0.4559248720631725,0.4985527905356999,0.02095152681563503,0.04051673588930396
8.25,1.0403096821188316,0.5846903178811684,0.4555599551229797,0.4985287644017035,0.02083929257623887,0.040465778958940324
8.5,1.0407701304469943,0.5842298695530058,0.455189684180067,0.4985098979653187,0.0207331594143306,0.0404179513120783
8.75,1.0412004093455112,0.5837995906544887,0.45481530461214703,0.4984958382707281,0.020633200124009377,0.040373104566723564
9.0,1.0416019083999153,0.5833980916000849,0.4544379760706071,0.49848625226330373,0.020538752589587206,0.04033109716377557
9.25,1.0419759570499885,0.5830240429500115,0.4540587773092853,0.49848082563067253,0.02044988095433281,0.04029179404046111
9.5,1.0423238272651711,0.5826761727348287,0.453678710733187,0.4984792617201804,0.020365988068513613,0.040255066319490565
9.75,1.0426467361044456,0.5823532638955545,0.4532987066855175,0.49848128052704943,0.020287130345525123,0.040220791013256485
10.0,1.042945848164422,0.582054151835578,0.4529196274900406,0.4984866177479856,0.020212769146180726,0.04018885074241357
10.25,1.0432222779194311,0.5817777220805688,0.4525422712645141,0.4984950238954244,0.020142953982763778,0.040159133468197064
10.5,1.043477091957457,0.581522908042543,0.4521673755198023,0.4985062634679902,0.020077198918571543,0.040131532237853804
10.75,1.0437113111157286,0.5812886888842713,0.4517956205582027,0.498520114173102,0.020015547310933385,0.04010594494258396
11.0,1.0439259125197908,0.5810740874802092,0.45142763268354974,0.498536366197984,0.019957560700224697,0.040082274087409414
11.25,1.0441218315298153,0.5808781684701846,0.4510639872347593,0.49855482152563646,0.019903276960535204,0.04006042657240716
11.5,1.044299963597874,0.5807000364021261,0.450705211453654,0.4985752932925949,0.019852300408271822,0.040040313484767345
11.75,1.0444611660398122,0.5805388339601877,0.4503517871971438,0.49859760518555546,0.019804664038995445,0.04002184990115612
12.0,1.0446062597252967,0.5803937402747031,0.4500041535031391,0.4986215908741701,0.019760010715727222,0.04000495469988541
12.25,1.044736030689509,0.5802639693104912,0.44966270901892236,0.49864709347752706,0.019718369099771343,0.03998955038241145
12.5,1.0448512316698784,0.5801487683301215,0.4493278143001098,0.4986739650620209,0.01967941679545454,0.03997556290370463
12.75,1.04495258357114,0.58004741642886,0.44899979398778167,0.4987020661684922,0.019643178619582535,0.03996292151105385
13.0,1.0450407768618972,0.5799592231381029,0.4486789388708504,0.49873126536667906,0.019609363493975407,0.03995155859088584
13.25,1.0451164729057782,0.5798835270942216,0.44836550784026563,0.4987614388351674,0.019577992831360136,0.03994140952320152
13.5,1.0451803052301574,0.5798196947698426,0.44805972974121855,0.4987924699651659,0.019548803790151503,0.039932412543246795
13.75,1.0452328807353037,0.5797671192646964,0.44776180512910424,0.49882424898655214,0.019521814774940915,0.03992450861005567
14.0,1.0452747808467509,0.5797252191532491,0.4474719079345104,0.4988566726147772,0.01949678840815161,0.03991764128151638
14.25,1.0453065626134292,0.5796934373865705,0.4471901870428793,0.4988896437171751,0.019473740441923765,0.039911756595638545
14.5,1.0453287597543293,0.5796712402456708,0.44691676779232037,0.4989230709976836,0.019452456467321882,0.03990680295769143
14.75,1.045341883655924,0.579658116344076,0.44665175339526275,0.49895686869858574,0.019432949903248536,0.039902731032929475
15.0,1.0453464243228092,0.5796535756771907,0.44639522628744555,0.49899095631832885,0.019415027063259427,0.03989949364461334
15.25,1.04534285128379,0.5796571487162099,0.4461472494082641,0.49902525834440686,0.019398699319409213,0.03989704567705561
15.5,1.0453316144555596,0.5796683855444404,0.44590786741612565,0.49905970400038513,0.019383791685610996,0.03989534398343493
15.75,1.0453131449660273,0.5796868550339725,0.44567710784223646,0.4990942270062114,0.01937031374363063,0.03989434729813433
16.0,1.0452878559392742,0.5797121440607257,0.4454549821860463,0.4991287653510165,0.019358107387090318,0.039894016153369
16.25,1.0452561432439929,0.5797438567560071,0.4452414869553746,0.49916326107766096,0.019347180637119515,0.03989431279988544
16.5,1.045218386207226,0.579781613792774,0.4450366046540697,0.49919766007833666,0.01933739062746198,0.03989520113152008
16.75,1.0451749482950987,0.5798250517049012,0.4448403047198831,0.49923191190057786,0.0193287440239788,0.03989664661341964
17.0,1.045126177762184,0.579873822237816,0.4446525444150834,0.4992659695630786,0.019321111723756806,0.039898616213732974
17.25,1.0450724082710439,0.579927591728956,0.44447326967219236,0.49929978938075575,0.019314499220707937,0.0399010783385967
17.5,1.045013959483445,0.5799860405165551,0.4443024158970871,0.49933333079853104,0.019308789844938473,0.03990400277024242
17.75,1.0449511376246337,0.5800488623753662,0.4441399087315855,0.4993665562333419,0.01930398808192385,0.039907360608065975
18.0,1.0448842360220358,0.5801157639779643,0.44398566477751633,0.499399430923922,0.01929998849608286,0.03991112421250459
18.25,1.0448135356196386,0.5801864643803613,0.44383959228415903,0.4994319227879214,0.01929679470996362,0.03991526715157642
18.5,1.0447393054692775,0.5802606945307225,0.4437015918008399,0.4994640022859644,0.01929431144204949,0.03991976414994644
18.75,1.0446618031999813,0.5803381968000185,0.4435715567963696,0.4994956422922683,0.019292541581272832,0.03992459104038598
19.0,1.0445812754664683,0.5804187245335319,0.44344937424691966,0.4995268179714695,0.01929139902636845,0.03992972471750425
19.25,1.0444979583778353,0.5805020416221648,0.443334925193845,0.4995575066613259,0.01929088604737983,0.03993514309363319
19.5,1.0444120779074364,0.5805879220925638,0.4432280852728857,0.49958768776098533,0.019290924845261792,0.03994082505675568
19.75,1.044323850284878,0.580676149715122,0.44312872521610025,0.4996173426245268,0.019291517172643824,0.03994675043037087
20.0,1.0442334823710362,0.5807665176289639,0.44303671132781386,0.49964645445950223,0.019292592740831838,0.03995289993519753
20.25,1.0441411720169276,0.5808588279830724,0.4429519059358018,0.4996750082302201,0.01929415287467634,0.03995925515262139
20.5,1.0440471084072562,0.5809528915927438,0.4428741678188598,0.49970299056552847,0.019296134081488836,0.03996579848979563
20.75,1.0439514723893746,0.5810485276106253,0.4428033526118589,0.49973038967087086,0.0192985373371993,0.0399725131463117
21.0,1.0438544367884055,0.5811455632115945,0.44273931318932647,0.49975719524439927,0.01930130530050239,0.039979383082358655
21.25,1.0437561667091884,0.5812438332908118,0.4426819000285409,0.49978339839694325,0.019304438667691576,0.03998639298829594
21.5,1.0436568198257168,0.5813431801742832,0.4426309615530811,0.49980899157564407,0.019307885666949243,0.039993528255567526
21.75,1.0435565466586736,0.5814434533413265,0.4425863444577234,0.49983396849107536,0.019311646775493296,0.04000077494888912
22.0,1.0434554908416465,0.5815445091583535,0.44254789401553685,0.49985832404768066,0.019315675265631327,0.0400081197796448
22.25,1.0433537893765839,0.581646210623416,0.44251545436798634,0.49988205427736804,0.01931997144826647,0.0400155500804308
22.5,1.043251572879007,0.5817484271209931,0.4424888687988121,0.4999051562761121,0.01932449316525603,0.04002305378068989
22.75,1.0431489658134807,0.5818510341865193,0.44246797999242216,0.49992762814341973,0.01932924060694985,0.04003061938338136
23.0,1.0430460867198081,0.581953913280192,0.4424526302774938,0.49994946892452646,0.019334175755984534,0.0400382359426347
23.25,1.0429430484303994,0.5820569515696005,0.44244266185645276,0.4999706785551952,0.019339298721665343,0.04004589304233805
23.5,1.04283995827923,0.5821600417207698,0.4424379170214652,0.4999912578089979,0.01934457523981581,0.040053580775616104
23.75,1.042736918302793,0.582263081697207,0.44243823835754714,0.49998879175303407,0.019350005372538365,0.04006128972515188
24.0,1.0426340254334199,0.5823659745665802,0.4424434689333733,0.4999694678304981,0.019355558258411287,0.04006901094431291
24.25,1.0425313716852929,0.5824686283147071,0.44245345248013745,0.4999507674294932,0.019361233941181805,0.0400767359390439
24.5,1.0424290443336646,0.5825709556663355,0.44246803356000486,0.4999326869066589,0.019367004645126584,0.04008445665047594
24.75,1.0423271260872569,0.5826728739127431,0.44248705772258334,0.49991522201089766,0.01937287041998831,0.0400921654382438
25.0,1.042225695254487,0.582774304745513,0.4425103716520278,0.49989836792344616,0.019378806288863903,0.04009985506445178
25.25,1.0421248259036309,0.5828751740963691,0.4425378233041437,0.4998821192960861,0.019384812327825796,0.04010751867826967
25.5,1.042024588017243,0.5829754119827568,0.4425692620341546,0.4998664702876331,0.019390866099025295,0.04011514980112649
25.75,1.0419250476410804,0.5830749523589197,0.44260453871555505,0.49985141459877663,0.01939696772164129,0.040122742312474174
26.0,1.041826267027771,0.5831737329722292,0.4426435058504523,0.49983694550534247,0.019403097061619634,0.04013029043609438
26.25,1.0417283047754715,0.5832716952245287,0.4426860176717823,0.49982305589004494,0.019409254294881828,0.04013778872692288
26.5,1.0416312159617154,0.5833687840382845,0.4427319302377697,0.4998097382727926,0.019415421377967423,0.040145232058369076
26.75,1.0415350522726703,0.5834649477273296,0.4427811015189863,0.4997969848396087,0.019421598554333674,0.04015261561010658
27.0,1.041439862127995,0.583560137872005,0.4428333914783462,0.49978478747022387,0.01942776967783852,0.04015993485631422
27.25,1.0413456908014809,0.5836543091985192,0.4428886621443626,0.49977313776439697,0.01943393506785751,0.04016718555434785
27.5,1.041252580537655,0.583747419462345,0.4429467776779783,0.4997620270670165,0.01944008030022401,0.04017436373382287
27.75,1.0411605706645115,0.5838394293354884,0.44300760443326825,0.4997514464920324,0.019446205776397385,0.04018146568608996
28.0,1.0410696977025253,0.5839303022974746,0.4430710110122996,0.4997413869452667,0.019452298635112525,0.040188487954087124
28.25,1.0409799954701007,0.5840200045298994,0.4431368683144252,0.4997318391461483,0.019458359364186023,0.04019542732255128
28.5,1.0408914951855897,0.5841085048144103,0.4432050495802726,0.4997227936484164,0.019464376520796384,0.040202280808574783
28.75,1.0408042255660281,0.5841957744339717,0.4432754304306825,0.4997142408598327,0.019470350681713267,0.040209045652491435
29.0,1.0407182129226968,0.5842817870773033,0.4433478889008381,0.4997061710609442,0.019476271691345914,0.040215719309079495
29.25,1.0406334812536433,0.5843665187463568,0.4434223054698192,0.49969857442293314,0.019482140216583704,0.040222299439067175
29.5,1.0405500523332711,0.584449947666729,0.4434985630858037,0.49969144102459134,0.01948794726982786,0.040228783900929974
29.75,1.0404679457991097,0.5845320542008902,0.443576547187131,0.49968476086845387,0.0194936936080001,0.04023517074296644
30.0,1.0403871792358588,0.5846128207641411,0.44365614571943435,0.49967852389612477,0.019499371303043717,0.040241458195642635
30.25,1.0403077682568171,0.584692231743183,0.44373724914903867,0.4996727200028282,0.019504981200741872,0.040247644664194004
30.5,1.0402297265827776,0.5847702734172223,0.44381975047281486,0.4996673390512139,0.019510516333966554,0.04025372872147469
30.75,1.0401530661184824,0.5848469338815176,0.44390354522467224,0.49966237088444815,0.019515977635285897,0.040259709101046134
31.0,1.0400777970267217,0.5849222029732785,0.44398853147886486,0.49965780533861714,0.019521359008695727,0.04026558469049306
31.25,1.0400039278001487,0.5849960721998512,0.44407460985028036,0.4996536322544706,0.019526661470709805,0.04027135452496225
31.5,1.0399314653309037,0.5850685346690963,0.44416168349187246,0.4996498414885313,0.019531879714707517,0.040277017780911986
31.75,1.039860414978094,0.5851395850219062,0.4442496580893923,0.4996464229235955,0.01953701483765835,0.04028257377006782
32.0,1.0397907806332225,0.5852092193667776,0.4443384418535692,0.4996433664786484,0.01954206224783825,0.04028802193357538
32.25,1.0397225647836184,0.5852774352163816,0.4444279455098825,0.4996406621182172,0.019547023118650225,0.040293361836343286
32.5,1.0396557685739305,0.5853442314260696,0.4445180822860636,0.49963829986118513,0.01955189350538497,0.04029859316157111
32.75,1.039590391865752,0.5854096081342478,0.44460876789745885,0.49963626978908576,0.019556674653442463,0.04030371570545399
33.0,1.0395264332954264,0.5854735667045737,0.4446999205303831,0.4996345620539001,0.019561363203240423,0.04030872937205933
33.25,1.039463890330088,0.5855361096699122,0.4447914608235827,0.4996331668853749,0.019565960467407467,0.04031363416836958
33.5,1.0394027593219977,0.5855972406780026,0.4448833118479274,0.49963207459788184,0.019570463615024125,0.040318430199485084
33.75,1.0393430355612163,0.5856569644387836,0.44497539908444317,0.49963127559683534,0.01957487402090427,0.04032311766398225
34.0,1.0392847133266627,0.5857152866733374,0.44506765040079277,0.49963076038468723,0.019579189331282554,0.040327696849422445
34.25,1.0392277859356085,0.5857722140643915,0.44515999602631084,0.49963051956651444,0.019583410977977528,0.04033216812800536
34.5,1.0391722457916495,0.5858277542083505,0.4452523685256886,0.49963054385521716,0.019587537037337704,0.04033653195236411
34.75,1.0391180844311927,0.5858819155688074,0.44534470277140836,0.499630824076342,0.0195915689928495,0.040340788851497
35.0,1.0390652925685093,0.5859347074314907,0.44543693591501654,0.49963135117254653,0.019595505308050265,0.04034493942683083
35.25,1.0390138601393812,0.5859861398606186,0.44552900735732326,0.4996321162077186,0.01959934751272066,0.0403489843484135
35.5,1.0389637763433868,0.5860362236566135,0.4456208587176149,0.499633110370766,0.019603094418371908,0.04035292435123061
35.75,1.0389150296848564,0.5860849703151435,0.4457124338019589,0.4996343249790891,0.019606747595682483,0.040356760231643043
36.0,1.0388676080125396,0.5861323919874601,0.44580367857067726,0.49963575148174955,0.019610306168313385,0.04036049284394222
36.25,1.0388214985580095,0.5861785014419906,0.44589454110506643,0.4996373814623488,0.019613771742478303,0.0403641230970188
36.5,1.0387766879728406,0.5862233120271594,0.4459849715734314,0.49963920664162775,0.0196171437212653,0.04036765195114238
36.75,1.038733162364594,0.5862668376354063,0.4460749221965039,0.49964121887979934,0.01962042374113518,0.0403710804148488
37.0,1.0386909073316373,0.5863090926683628,0.44616434721230913,0.49964341017862646,0.019623611454707812,0.040374409541931416
37.25,1.0386499079968265,0.5863500920031735,0.4462532028405447,0.4996457726832551,0.01962670852350276,0.040377640428534894
37.5,1.038610149040084,0.5863898509599158,0.4463414472465297,0.4996482986838143,0.01962971482234696,0.04038077421034683
37.75,1.038571614729897,0.5864283852701033,0.44642904050478227,0.4996509806167927,0.01963263203274404,0.04038381205988588
38.0,1.0385342889537619,0.5864657110462381,0.4465159445622804,0.49965381106620166,0.019635460226774898,0.040386755183883336
38.25,1.0384981552476034,0.5865018447523964,0.44660212320145654,0.49965678276453496,0.019638201101033648,0.040389604820755556
38.5,1.0384631968241949,0.586536803175805,0.4466875420029782,0.4996598885935339,0.01964085490204609,0.040392362238164475
38.75,1.0384293966005993,0.5865706033994006,0.446772168308359,0.4996631215847671,0.019643423336747318,0.04039502873066467
39.0,1.038396737224657,0.5866032627753429,0.44685597118244813,0.4996664749200336,0.01964590680528716,0.0403976056174338
39.25,1.0383652011005506,0.5866347988994494,0.44693892137584057,0.49966994193159736,0.019648307020388805,0.040400094240084686
39.5,1.0383347704134576,0.5866652295865425,0.44702099128724726,0.4996735161022619,0.0196506245168111,0.040402495960556534
39.75,1.0383054271533207,0.5866945728466793,0.4471021549258678,0.4996771910652921,0.019652861008710776,0.040404812159083744
40.0,1.0382771531377581,0.586722846862242,0.4471823878737995,0.4996809606041914,0.01965501714810236,0.040407044232239286
