t_years,z,x,r0,capital,log_capital_deviation,tax_rate,nu_tax_speed,ell_J_K,m_J_tau,output,fiscal_resources,J,X,N,c,varpi,lq_log_capital_deviation,lq_tax_rate
0.0,-1.806616591576036,0.1335313926245227,0.012111523352325971,1.0,0.0,0.5,-0.005932515726273926,1.0410833296924507,-0.00424471885636968,0.35775032483864044,0.25514401799187836,13.042626856324626,13.042626856324626,0.0,0.26349637302994544,-1.7665973132304449,0.0,0.5
0.2,-1.806616591576036,0.128020754419628,0.012432219314137002,1.0004741016143144,0.0004739892636529441,0.49886288817598345,-0.00544326437639645,1.0389656906721627,-0.003893709976275752,0.35766313254597654,0.2550755492360248,13.023597846968764,13.02195813490284,-0.001639712065649723,0.2630788089004338,-1.695087413625026,0.0004723712142534658,0.4989335916362494
0.4,-1.806616591576036,0.12273753190199897,0.012740827652534932,1.0009349349602499,0.000934498180778891,0.4978208785581257,-0.004981251167016522,1.0369395134228578,-0.00356239046913875,0.3575798880336738,0.2550125523656966,13.005354793325381,13.002140285024481,-0.0032145083009611232,0.2626784346796787,-1.626408951794902,0.0009299273628322268,0.4979521762702815
0.6000000000000001,-1.806616591576036,0.11767233997087383,0.013037745649702101,1.0013824776007283,0.0013815228584087202,0.4968686662800863,-0.004545062002277376,1.0350010497408852,-0.0032497228803806113,0.3575003903964661,0.254954666929068,12.987865427027813,12.983138649757127,-0.004726777272532798,0.2622945502038181,-1.5604554607889574,0.001372915934666225,0.4970514997282001
0.8,-1.806616591576036,0.11281618083437601,0.013323363368750219,1.0018167377075975,0.001815089435664878,0.4960012213536272,-0.0041333613595057024,1.0331467039787043,-0.0029547288076475415,0.35742444836723514,0.25490155626645583,12.9710987493288,12.964919931358079,-0.006178817971455615,0.2619264827683018,-1.4971239482364649,0.0018015830814668895,0.49622748689095714
1.0,-1.806616591576036,0.1081604280258634,0.013598063108205206,1.0022377507793199,0.002235250743987336,0.49521377344041584,-0.003744887480305824,1.031373027142212,-0.0026764851617121278,0.357351879834525,0.25485290576297337,12.955024987888407,12.947452144965576,-0.007572842929598357,0.2615735861923291,-1.4363148359999043,0.0022161735735611037,0.4954762345490134
1.2000000000000002,-1.806616591576036,0.1036968110798987,0.013862218957162328,1.002645576662959,0.0026420832849954573,0.4945017975546434,-0.003378447873216784,1.0296767111476612,-0.002414120681483918,0.35728251138966316,0.2548084212430377,12.939615554160193,12.930704572892603,-0.008910981285668081,0.2612352398954598,-1.3779318947031318,0.002616930756407009,0.4947940045428172
1.4000000000000001,-1.806616591576036,0.09941740084061917,0.01411619643978862,1.0030402968531942,0.0030356844969731266,0.4938610006365052,-0.003032915108230355,1.0280545832456531,-0.0021668126857210335,0.35721617790108956,0.25476782749454496,12.924843001518315,12.914647719734042,-0.010195281793010512,0.260910847990657,-1.3218821740287907,0.003004096507844808,0.4941772171774653
1.6,-1.806616591576036,0.09531459537640781,0.014360352238944113,1.0034220120431523,0.0034161702831955907,0.4932873089358118,-0.002707222883194071,1.026503600614607,-0.0019337840442024575,0.3571527221136878,0.2547308669113725,12.91068098415591,12.89925326837176,-0.011427715762259403,0.2605998383954711,-1.2680759295845418,0.0033779111961316196,0.4936224449003933
1.8,-1.806616591576036,0.09138110647584458,0.014595033989694726,1.0037908399048414,0.003783672778491229,0.49277685615787764,-0.002400362345860501,1.025020845129629,-0.0017143003541138181,0.35709199427123617,0.25469729824431464,12.897104216906946,12.884494036940321,-0.012610179933675253,0.26030166196263016,-1.2164265471132032,0.003738613638805461,0.4931264062313983
2.0,-1.806616591576036,0.08760994670094936,0.014820580134404222,1.0041469130783975,0.004138338332002206,0.492325972321446,-0.0021113786546268516,1.0236035183077579,-0.0015076673071714043,0.3570338517602039,0.25466689545114934,12.88408843612502,12.870343936815946,-0.013744499274950167,0.2600157916313038,-1.166850464642904,0.004086441062419706,0.4926859599347416
2.2,-1.806616591576036,0.08399441697471795,0.015037319831925796,1.004490377351255,0.004480325686156688,0.4919311732823224,-0.0018393677622012999,1.0222489364296108,-0.001313228234115194,0.35697815877330646,0.2546394466373913,12.871610361437286,12.85677793169138,-0.014832429701207926,0.25974172160030423,-1.1192670931722473,0.004421629063185764,0.4922980994234984
2.4000000000000004,-1.806616591576036,0.08052809468090152,0.015245572914172265,1.0048213900100629,0.004809804333700654,0.49158915087990196,-0.0015834734075163362,1.020954525836604,-0.0011303618142016168,0.3569247859913793,0.2546147530800485,12.859647658583295,12.843771997799301,-0.01587566071537426,0.25947896652449154,-1.0735987363538946,0.004744411568558335,0.49195994738672727
2.6,-1.806616591576036,0.07720482225489032,0.015445649884032667,1.0051401183495232,0.005126953036107584,0.49129676366310315,-0.001342884301149353,1.0197178183997433,-0.0009584799374850548,0.3568736102822512,0.25459262832721785,12.848178903344234,12.83130308530561,-0.01687581796749164,0.2592270607348137,-1.0297705096522154,0.005055020799794334,0.4916687506304209
2.8000000000000003,-1.806616591576036,0.07401869624543411,0.015637851949228093,1.005446738324141,0.005431958488597277,0.49105102816199053,-0.0011168314923701455,1.0185364471597012,-0.0007970257098977438,0.3568245144154611,0.2545728973673021,12.837183546559631,12.819349080768484,-0.01783446573217099,0.2589855574798779,-0.9877102593320599,0.005353687235513474,0.4914218751235714
3.0,-1.806616591576036,0.07096405682776899,0.015822471087265762,1.005741433329801,0.005725014118023123,0.4908491106688269,-0.0009045859053295736,1.0174081421341508,-0.000645471590864241,0.3567773867917344,0.25455539586195597,12.826641880228618,12.80788877088774,-0.018753109304013634,0.2587540281935891,-0.9473484815966347,0.00564063957628558,0.4912168012410385
3.2,-1.806616591576036,0.06803547774952155,0.015999790137163024,1.0060243931033923,0.006006319001264845,0.49068831949752495,-0.0007054560334808472,1.0163307262897068,-0.0005033176544545096,0.3567321211862414,0.2545399694375096,12.816535004692813,12.796901807365506,-0.019633197311298478,0.2585320617852412,-0.908618242189973,0.005916104710266895,0.49105111919525457
3.4000000000000004,-1.806616591576036,0.06522775669153025,0.016170082914075963,1.0062958127295683,0.0062760768927128925,0.49056609768823467,-0.0005187857808843771,1.0153021116726368,-0.00037008996489194655,0.35668861650472766,0.2545264730298854,12.806844796897915,12.786368672941876,-0.020476123948701026,0.2583192639533445,-0.8714550967073144,0.0061803076799049625,0.490922524649124
3.6,-1.806616591576036,0.06253590602646117,0.016333614343385993,1.00655589174486,0.0065344953506260945,0.49048001612777464,-0.00034395244026892317,1.0143202956932305,-0.00024533905821800254,0.3566467765516962,0.25451477027853897,12.797553879731048,12.776270648591538,-0.02128323113011913,0.25811525652290945,-0.835797011807005,0.006433471649729166,0.49082881450279114
3.8000000000000003,-1.806616591576036,0.059955143958801624,0.016490640611174896,1.0068048333303505,0.006781784953188429,0.49042776706470786,-0.00018036480004357208,1.0133833575628606,-0.00012863852367220275,0.35660650980991465,0.2545047329656182,12.788645592430985,12.766589781859892,-0.022055810562613597,0.25791967680575006,-0.8015842875225112,0.00667581787524161,0.4907678828472521
4.0,-1.806616591576036,0.05748088603049288,0.016641409328359266,1.007042843584611,0.007018158595641173,0.4904071579894531,-2.7461370329057764e-05,1.0124894548757635,-1.9583676919581598e-05,0.3565677292305307,0.2544962404964205,12.780103962067258,12.757308856318092,-0.022795105743386206,0.2577321769833934,-0.7687594808220319,0.006907565672920684,0.4907377170780731
4.2,-1.806616591576036,0.05510873697711246,0.01678615970606144,1.0072701308695469,0.00724383086085798,0.49041610585682627,0.00011529127988438004,1.0116368203309904,8.220968120706565e-05,0.3565303520331707,0.25448917941780086,12.771913676013472,12.748411362116583,-0.023502313881095187,0.257552423512181,-0.7372673305461472,0.007128932391347585,0.49073639416275633
4.4,-1.806616591576036,0.0528344829201395,0.016925122740069774,1.007486905222454,0.007459017456423034,0.4904526316336794,0.00024840008084814504,1.0108237585925868,0.000177106425643078,0.3564942995154435,0.25448344297162767,12.764060055385228,12.739881467616613,-0.024178587743534964,0.25738009655014876,-0.7070546838226993,0.007340133383463977,0.4907620770555585
4.6000000000000005,-1.806616591576036,0.05065408388143355,0.017058521402488865,1.0076933778280828,0.007663934711804855,0.49051485514268856,0.000372346924716822,1.0100486432769529,0.0002654531948922667,0.3564594968712977,0.2544789306800863,12.756529029537173,12.731703992078096,-0.02482503743366334,0.25721488940524795,-0.6780704240547194,0.007541381979966948,0.49081301125382215
4.800000000000001,-1.806616591576036,0.048563666606629315,0.017186570838902904,1.0078897605451411,0.0078587991298891,0.49060099020344694,0.000487590034127147,1.0093099140766624,0.0003475794071770344,0.35642587301773837,0.2544755479610952,12.749307111472442,12.723864379358561,-0.025442732095729833,0.2570565080039925,-0.6502654005460216,0.007732889463845789,0.4908875214901236
5.0,-1.806616591576036,0.046559517684699236,0.017309478569575133,1.0080762654822184,0.008043826987701855,0.4907093400127472,0.0005945652531698011,1.008606073987127,0.00042379821714354,0.3563933604294464,0.25447320576977417,12.742381374177505,12.71634867261456,-0.02603270155387634,0.25690467038035913,-0.6235923598184088,0.007914865046063105,0.49098400855477503
5.2,-1.806616591576036,0.04463807695146109,0.017427444693385617,1.0082531046184735,0.008219233981549775,0.4908382928014198,0.0006936872526412889,1.0079356866693143,0.000494407407750645,0.35636189498086895,0.25447182026606324,12.735739427860082,12.709143489972613,-0.026595937885146477,0.2567591061842746,-0.5980058786605186,0.008087515842381416,0.4911009462434418
5.4,-1.806616591576036,0.042795931165313,0.0175406620933699,1.008420489464777,0.008385234912170424,0.4909863177151136,0.0007853506644059208,1.0072973739178135,0.0005596902282871881,0.35633141579536726,0.25447131250494065,12.729369398062765,12.702236001133855,-0.027133396928983793,0.25661955620896615,-0.5734622989390132,0.008251046851334569,0.49123687842485203
5.6000000000000005,-1.806616591576036,0.04102980794396118,0.017649316642865107,1.0085786307616746,0.008542043406171193,0.4911519609110266,0.0008699311481119061,1.0066898132338196,0.0006199161811635873,0.35630186510107725,0.25447160814771275,12.723259904624967,12.695613904888063,-0.02764599973547597,0.2564857719366839,-0.549919664187379,0.008405660933342064,0.49139041622377966
5.800000000000001,-1.806616591576036,0.03933656995136975,0.01775358741139839,1.0087277382106183,0.008689871670145934,0.49133384186388623,0.000947786393143086,1.0061117355034137,0.000675341759832742,0.3562731880931248,0.2544726371929918,12.717400041465877,12.689265407506738,-0.02813463395433161,0.256357515102183,-0.5273376579816942,0.008551558790962846,0.49156023531468207
6.0,-1.806616591576036,0.03771320932460639,0.01785364686956772,1.0088680202352802,0.008828930274230202,0.4915306498672417,0.0010192570604370043,1.0055619227758374,0.0007262111414120755,0.3562453328018714,0.2544743337257816,12.711779357161014,12.683179201986402,-0.028600155166893272,0.2562345572733814,-0.5056775441064053,0.008688938950283897,0.49174507332155926
6.2,-1.806616591576036,0.03615684233068349,0.017949661092267522,1.0089996837700643,0.008959427962170448,0.491741140718224,0.0010846676681778682,1.0050392061374718,0.0007727568371079697,0.35621824996688756,0.2544766356832719,12.706387836285064,12.677344448113187,-0.02904338816297782,0.25611667944861105,-0.4849021085014186,0.00881799774343769,0.4919437273197861
6.4,-1.806616591576036,0.034664704243903534,0.018041789959703243,1.009122934073164,0.009081571485228129,0.491964133575412,0.0011443274249204028,1.0045424636779157,0.0008152003031970155,0.35619189291636494,0.2544794846360849,12.70121588149361,12.671750753319898,-0.029465128164781654,0.2560036716698787,-0.46497560297983315,0.008938929292241455,0.49215505143584104
6.6000000000000005,-1.806616591576036,0.03323414443460856,0.018130187355720494,1.009237974562027,0.009195565457758327,0.49219850797368697,0.0011985310150108574,1.004070618539805,0.0008537525162300043,0.35616621745173205,0.2544828255835748,12.696254296316404,12.666388154306652,-0.029866141999813252,0.2558953326515529,-0.4458636906989121,0.009051925492950138,0.4923779545410225
6.800000000000001,-1.806616591576036,0.031862621660609505,0.018215001363046993,1.009345006668887,0.009301612232110026,0.4924432009934151,0.0012475593378071237,1.0036226370536656,0.0008886145137078204,0.356141181737202,0.2544866067623809,12.691494268634875,12.661247099398622,-0.030247169224748613,0.25579146942394265,-0.4275333933627731,0.00915717600211383,0.4926113980354027
7.0,-1.806616591576036,0.030547699552931174,0.018296374455110127,1.009444229714411,0.009399911790890818,0.49269720457391974,0.0012916802039543845,1.0031975269533857,0.0009199779027109242,0.3561167461940189,0.2544907794672012,12.686927354829285,12.65631843161417,-0.030608923202274426,0.2556918969912281,-0.40995304013082173,0.009254868223529616,0.4928543937184236
7.2,-1.806616591576036,0.029287042287853622,0.01837444368415017,1.00953584079768,0.009490661654814419,0.4929595629627651,0.001331148991521043,1.0027943356687237,0.0009480253386263054,0.35609287339918283,0.2544952978828772,12.682545464564269,12.65159337241529,-0.03095209213256249,0.25559643800317516,-0.39309221820451096,0.009345187296276848,0.49310600174268426
7.4,-1.806616591576036,0.02807841043756186,0.018449340865400093,1.009620034700854,0.009574056804484976,0.4932293702934758,0.0013662092644722047,1.0024121486918418,0.0009729309758681101,0.35606952798844244,0.25450011892697355,12.678340846175907,12.647063506117522,-0.031277340041332445,0.25550492244017387,-0.3769217250604493,0.009428316083823987,0.4933653286476126
7.6000000000000005,-1.806616591576036,0.026919656992032928,0.018521192757147812,1.0096970038073363,0.009650289614937123,0.4935057682797075,0.0013970933569913244,1.002050088011049,0.0009948608932111075,0.35604667656339206,0.25450520210191335,12.674306072668541,12.642720764931319,-0.03158530772623115,0.25541718731103324,-0.3614135222969768,0.009504435164194467,0.4936315254698461
7.800000000000001,-1.806616591576036,0.025808723545093695,0.018590121236536507,1.0097669380318572,0.009719549801365857,0.49378794402443016,0.0014240229245891813,1.0017073106127394,0.0010139734945128678,0.3560242876024593,0.2545105093561747,12.670434028274327,12.638557414611697,-0.03187661366318167,0.2553330763630656,-0.34654069105888924,0.009573722821178304,0.4939037859272783
8.0,-1.806616591576036,0.024743636637874253,0.018656243470993643,1.0098300247612972,0.009782024374880084,0.49407512793682745,0.0014472094643000765,1.0013830070479395,0.001030419886559356,0.35600233137561216,0.2545160049538668,12.666717895555317,12.634566040693457,-0.03215185487445743,0.25525243980400064,-0.33227738900413556,0.009636355036575402,0.4941813446738501
8.200000000000001,-1.806616591576036,0.023722504253161435,0.018719672085210186,1.009886448805161,0.00983789760720459,0.494366591750798,0.0014668548059351542,1.0010764000605339,0.0010443442355240512,0.35598077986261817,0.25452165535208604,12.663151143029372,12.630739535289287,-0.03241160775991496,0.2551751340352713,-0.3185988087746695,0.009692505483456073,0.4944634756222849
8.4,-1.806616591576036,0.02274351245442511,0.01878051532361867,1.0099363923546785,0.009887351003323889,0.49466164663976275,0.001483151576124428,1.0007867432747346,0.0010558841033524269,0.35595960667470045,0.25452742908551856,12.659727513301242,12.627071084427971,-0.03265642889303657,0.25510102139621144,-0.3054811379333413,0.009742345520423582,0.4947494903320797
8.6,-1.806616591576036,0.02180492216354668,0.01883887720834233,1.0099800349499268,0.009930563281480747,0.4949596414187921,0.0014962836377016135,1.0005133199362637,0.0010651707659614846,0.35593878697947084,0.25453329665764723,12.65644101168013,12.623554155910071,-0.032886855783230556,0.25502996991870763,-0.29290152032786326,0.009786044186863109,0.4950387364601747
8.8,-1.806616591576036,0.020905066071525896,0.01889485769260837,1.0100175534538904,0.009967710359460773,0.4952599608333623,0.0015064265050002928,1.0002554417080691,0.0010723295137231646,0.35591829742897285,0.25453923043826043,12.653285895265084,12.620182487662547,-0.033103407605789364,0.25496185309193115,-0.2808380188427213,0.009823768199160915,0.4953305962718265
9.0,-1.806616591576036,0.02004234567667815,0.018948552809636372,1.0100491220327508,0.009998965346482865,0.49556202392939286,0.0015137477366962452,1.000012447517672,0.00107747993545351,0.3558981160907002,0.2545452045668041,12.650256662479507,12.616950076573948,-0.033306585900967044,0.25489654963677827,-0.26926957949954605,0.009855681947877228,0.49562448520931424
9.200000000000001,-1.806616591576036,0.019215228445060763,0.01900005481702842,1.0100749121417518,0.010024498540055186,0.49586528250011186,0.0015184073075875278,0.9997837024537981,0.001080736186950555,0.35587822238146616,0.25455119486117916,12.647348043036137,12.613851167784896,-0.03349687524337101,0.25483394328950937,-0.25817599686679293,0.009881947495855872,0.4959198505161994
9.4,-1.806616591576036,0.018422245088084342,0.019049452336701096,1.010095092516004,0.010044477427184685,0.49616921960591176,0.001520557960529058,0.9995685967103457,0.0010822072449942714,0.35585859700400096,0.25455717873162953,12.644554988313821,12.610880244423015,-0.03367474388302645,0.25477392259436654,-0.24753788073960128,0.00990272457725326,0.4962161699149573
9.600000000000001,-1.806616591576036,0.017661986952472803,0.019096830490410888,1.010109829165981,0.010059066689708619,0.49647334816040073,0.0015203455403979722,0.9993665445732175,0.001081997148186722,0.35583922188619493,0.25456313509927864,12.64187266212737,12.60803201775946,-0.03384064435932006,0.25471638070470876,-0.23733662405085001,0.009918170597469243,0.4965129503358825
9.8,-1.806616591576036,0.01693310351793598,0.019142271030934518,1.0101192853769305,0.010068428212994905,0.49677720958240446,0.0015179093104180296,0.9991769834507197,0.001080205224904313,0.3558200801228455,0.25456904431912586,12.63929643187188,12.605301417770747,-0.03399501408897024,0.2546612151923356,-0.22755437197512746,0.009928440633961751,0.496809726695258
10.0,-1.806616591576036,0.0162342999981093,0.01918585246897399,1.0101236217117957,0.010072721097627677,0.49708037250995935,0.0015133822520144052,0.9989993729452031,0.0010769263092304964,0.35580115591980843,0.25457488810719336,12.636821860030778,12.602683584090318,-0.0341382759292099,0.2546083278646839,-0.21817399218764982,0.009933687437927169,0.497106060720859
10.200000000000001,-1.806616591576036,0.01556433504049922,0.019227650195863033,1.0101229960172522,0.010072101673703945,0.49738243157301976,0.0015068913491890646,0.9988331939640722,0.0010722509456048657,0.3557824345404527,0.25458064947155357,12.634444696062683,12.600173857334324,-0.034270838717178564,0.25455762458958564,-0.20917904624067646,0.00993406143682801,0.49740153982293805
10.4,-1.806616591576036,0.014922018521348316,0.019267736602157554,1.0101175634324733,0.010066723517371541,0.49768300622207284,0.0014985578582774402,0.998677947868614,0.0010662655828293328,0.35576390225432536,0.2545863126469999,12.632160868584629,12.597767770786028,-0.03439309778661808,0.25450901512726976,-0.2005537620207802,0.0099297107377493,0.4976957760089161
10.600000000000001,-1.806616591576036,0.014306209431502976,0.01930618119219729,1.0101074764005806,0.010056737469585833,0.4979817396074825,0.001488497564479116,0.9985331556570387,0.0010590527584478507,0.35574554628796284,0.2545918630330498,12.629966477895241,12.595461042423345,-0.03450543546286076,0.25446241296929745,-0.19228300725106304,0.009920781131564946,0.4979884048400738
10.8,-1.806616591576036,0.01371581384952814,0.019343050694729722,1.0100928846822081,0.010042291656533064,0.4982782975095671,0.0014768210253375985,0.9983983571823422,0.0010506912736469789,0.35572735477773715,0.25459728713516655,12.627857788812463,12.593249567274365,-0.03460822153703345,0.25441773518412264,-0.1843522640027693,0.009907416097895224,0.4982790844286057
11.0,-1.806616591576036,0.013149782998468532,0.01937840916969011,1.0100739353709571,0.01002353151151589,0.4985723673164502,0.0014636338020159905,0.9982731104031315,0.0010412563593004205,0.35570931672465045,0.25460257250898066,12.625831223802619,12.591129410092563,-0.03470181372044478,0.2543749022691116,-0.17674760418199983,0.009889756810836328,0.49856749447346815
11.200000000000001,-1.806616591576036,0.012607111382804367,0.019412318111233933,1.0100507729105093,0.010000599798088563,0.4988636570472505,0.0014490366790790403,0.9981569906659211,0.001030819833681581,0.3556914219510081,0.2546077077073345,12.62388335639096,12.589096798332488,-0.034786558079965266,0.25433383800863263,-0.16945566595776074,0.009867942145443079,0.49885333533351256
11.4,-1.806616591576036,0.012086835002292136,0.01944483654711938,1.0100235391131596,0.009973636634219499,0.4991518944185322,0.001433125873395177,0.9980495900176751,0.0010194502522973474,0.35567366105888426,0.25461268222997846,12.622010904843734,12.587148115416094,-0.034862789455271846,0.2542944693380181,-0.1624636310983911,0.009842108684945394,0.49913632713645734
11.600000000000001,-1.806616591576036,0.01158802963951741,0.019476021134538616,1.0099923731798501,0.009942779517577808,0.49943682595004607,0.0014159932332032392,0.9979505165456835,0.001007213050601374,0.35565602539034435,0.25461748647570753,12.620210726111798,12.585279894279553,-0.03493083185875978,0.2542567262131921,-0.15575920318439065,0.009812390728679673,0.4994162089223096
11.8,-1.806616591576036,0.011109809218117795,0.01950592625249708,1.0099574117212629,0.00990816335152054,0.4997182161098908,0.0013977264274233315,0.9978593937453009,0.0009941706796567106,0.355638506989324,0.254622111696862,12.618479810025825,12.583488811185983,-0.0349909988588749,0.2542205414856714,-0.14933058666658958,0.009778920300715616,0.4996927378199044
12.0,-1.806616591576036,0.010651324228759515,0.019534604090840076,1.0099187887798564,0.009869920471682963,0.49999584649686085,0.0013784091258299258,0.9977758599140671,0.0009803827351995862,0.3556210985650969,0.2546265499560399,12.616815273733144,12.581771679794045,-0.03504359394762894,0.2541858507827343,-0.14316646673905262,0.009741827159159517,0.49996568825528065
12.200000000000001,-1.806616591576036,0.010211760220071538,0.019562104736025605,1.0098766358527167,0.009828180673056117,0.5002695150581509,0.0013581211706016453,0.9976995675710215,0.0009659060804811644,0.3556037934572766,0.2546307940848994,12.615214356366227,12.580125445472424,-0.03508891089295088,0.25415259239255855,-0.1372559899974797,0.009701238806114716,0.5002348511906662
12.4,-1.806616591576036,0.009790336351856634,0.019588476253741827,1.0098310819150735,0.00978307123741827,0.5005390353408629,0.0013369387396888715,0.9976301829002393,0.0009507949632107694,0.35558658560228257,0.2546348376449325,12.613674413932898,12.578547179850244,-0.03512723407658201,0.2541207071541244,-0.1315887458544285,0.009657280498280208,0.5005000333928926
12.600000000000001,-1.806616591576036,0.0093863040080091,0.0196137647684665,1.0097822534446288,0.009734716961281132,0.5008042357742559,0.0013149345027910857,0.9975673852162402,0.0009351011271726193,0.35556946950124496,0.2546386748900565,12.612192914418262,12.577034075593401,-0.035158838818153966,0.2540901383516825,-0.12615474868352905,0.009610075258168269,0.5007610567301064
12.8,-1.806616591576036,0.008998945466675417,0.019638014540064686,1.0097302744463443,0.009683240184011168,0.5010649589829167,0.0012921777699652461,0.9975108664517289,0.0009188739185389264,0.35555244018926285,0.2546423007309766,12.610767433088412,12.575583441396864,-0.03518399168604688,0.25406083161358506,-0.1209444206658631,0.009559743885922142,0.5010177574956914
13.0,-1.806616591576036,0.008627572625295206,0.019661268037519587,1.0096752664776354,0.009628760816090426,0.5013210611291495,0.001268734633320963,0.9974603306664829,0.0009021603872105141,0.35553549320596445,0.2546457107012109,12.609395647985952,12.574192697183033,-0.03520295079564573,0.2540327348152795,-0.11594857531253962,0.009506404971714863,0.5012699857583572
13.200000000000001,-1.806616591576036,0.00827152577825795,0.019683566009889825,1.0096173486739033,0.009571396367458006,0.5015724112831984,0.001244668102178526,0.9974154935764432,0.0008850053834586511,0.3555186245673196,0.2546489009246899,12.608075335607372,12.572859369501169,-0.03521596609551019,0.2540057979863644,-0.11115840163798119,0.009450174908710479,0.5015176047373909
13.4,-1.806616591576036,0.007930172445003872,0.019704947554584813,1.0095566377743104,0.009511261975851669,0.5018188908201222,0.0012200382320098427,0.997376082102241,0.0008674516501012959,0.35550183073865255,0.25465186808484785,12.606804366768117,12.57158108711718,-0.03522327964203161,0.2539799732214916,-0.10656544895971315,0.009391167906568904,0.5017604902021117
13.600000000000001,-1.806616591576036,0.007602906246487374,0.019725450183048075,1.0094932481479792,0.009448470435341494,0.5020603928409586,0.0011949022477684963,0.9973418339352521,0.0008495399106498532,0.35548510860883636,0.25465460939509743,12.605580702655205,12.5703555767837,-0.03522512586307686,0.25395521459490966,-0.10216161230097315,0.009329496005475921,0.5019985298946017
13.8,-1.806616591576036,0.007289145828007087,0.019745109883936365,1.0094272918211349,0.009383132225578327,0.5022968216147808,0.0011693146624801914,0.9973124971181767,0.0008313089540504421,0.3554684554656924,0.25465712257055606,12.604402391008149,12.569180659188147,-0.035221731811101206,0.2539314780786045,-0.09793911837322487,0.00926526909067989,0.5022316229748273
14.0,-1.806616591576036,0.006988333826489116,0.019763961183880546,1.0093588784994925,0.009315355536125645,0.5025280920654895,0.0011433273852228245,0.9972878296630074,0.0008127957118483544,0.35545186897187264,0.25465940580162494,12.60326756248081,12.568054245067584,-0.035213317406221294,0.25390872146380844,-0.09389051211660691,0.009198594907516944,0.5024596794872968
14.200000000000001,-1.806616591576036,0.006699935880388938,0.01978203720591213,1.0092881156036513,0.009245246303479256,0.5027541292232929,0.0011169898382771455,0.9972675991311398,0.0007940353418471959,0.35543534714331987,0.2546614577272311,12.602174427154488,12.566974331484039,-0.03520009566964544,0.2538869042857519,-0.09000864377706051,0.009129579076906485,0.5026826198484369
14.4,-1.806616591576036,0.006423439680453136,0.019799369725637166,1.0092151082839036,0.009172908227507518,0.5029748677881393,0.001090349047056966,0.9972515823147242,0.0007750612923851228,0.35541888832623947,0.25466327741165096,12.601121271193213,12.565938998254135,-0.03518227294796444,0.253865987751532,-0.08628665649935768,0.009058325111299198,0.5029003743539008
14.600000000000001,-1.806616591576036,0.006158354059654773,0.019815989225237213,1.009139959457728,0.009098442810186623,0.5031902516152897,0.0010634497498629163,0.997239564839763,0.0007559053806872459,0.35540249117773814,0.25466486431982066,12.600106453636403,12.564946404526868,-0.03516004912864101,0.2538459346709749,-0.08271797441635671,0.00898493443105974,0.5031128827050521
14.8,-1.806616591576036,0.005904208120685739,0.019831924945374824,1.0090627698300476,0.009021949377096135,0.503400233293479,0.001036334485115256,0.9972313408535989,0.0007365978551828734,0.35538615464530865,0.25466621829561414,12.599128403324105,12.563994785503406,-0.03513361784709434,0.25382670939036606,-0.07929629121526807,0.008909506381266558,0.5033200935538992
15.0,-1.806616591576036,0.005660550399456186,0.01984720493507889,1.0089836379200519,0.008943525105253447,0.5036047737125544,0.0010090436816711302,0.9972267126983604,0.0007171674599993021,0.35536987794798114,0.25466733954033305,12.598185615950026,12.563082449292722,-0.03510316668582901,0.25380827772892645,-0.07601555916237324,0.008832138248911603,0.5035219640657825
15.200000000000001,-1.806616591576036,0.005426948063115039,0.019861856099683023,1.008902660093843,0.008863265056575946,0.5038038416289532,0.0009816157505021092,0.9972254905772584,0.0006976415004066308,0.35535366055902123,0.25466822859168825,12.59727665123755,12.562207773896962,-0.035068877365835596,0.25379060691790806,-0.07286997856848473,0.008752925280482639,0.5037184594991447
15.4,-1.806616591576036,0.005202986141167042,0.019875904246887982,1.008819930581141,0.008781262195398699,0.5039974133049937,0.0009540871579450441,0.9972274922906398,0.0006780458951467896,0.35533750218753357,0.2546688863050267,12.596400130233935,12.561369204320565,-0.03503092593071632,0.2537736655421908,-0.06985398767798706,0.008671960699911361,0.5039095528017399
15.600000000000001,-1.806616591576036,0.004988266788320366,0.019889374131017018,1.008735541511677,0.008697607425375944,0.5041854720942217,0.0009264925136777281,0.997232542913032,0.0006584052392191732,0.355321402763214,0.254669313833764,12.595554732717899,12.56056524980181,-0.03498948292379376,0.25375742348435176,-0.06696225296475768,0.008589335726870507,0.5040952242226634
15.8,-1.806616591576036,0.004782408577755451,0.019902289495530863,1.0086495829356477,0.008612389610453217,0.5043680080979245,0.0008988646408729481,0.9972404745382786,0.0006387428539836811,0.3553053624199494,0.25466951261193344,12.594739194715808,12.559794481157171,-0.03494471355852518,0.2537418518710146,-0.06418965981917647,0.008505139595403602,0.5042754609396074
16.0,-1.806616591576036,0.004585045823559511,0.019914673113867097,1.008562142850232,0.008525695601735644,0.5045450178139537,0.0008712346489835009,0.9972511260128969,0.0006190808391241098,0.3552893814808746,0.2546694843369715,12.59395230612164,12.55905552823481,-0.0348967778825531,0.2537269230214027,-0.061531303610811786,0.008419459572870958,0.5044502567007715
16.2,-1.806616591576036,0.0043958279311231835,0.019926546828666396,1.008473307231507,0.00843761026959254,0.5047165037846782,0.000843632007760101,0.9972643426632919,0.0005994401254778188,0.355273460444781,0.2546692309529681,12.59319290841594,12.558347077475359,-0.03484583093559869,0.25371261039806065,-0.05898248111193217,0.008332380979196028,0.5046196114808783
16.400000000000002,-1.806616591576036,0.004214418774345302,0.019937931589446265,1.008383160051375,0.008348216520801295,0.5048824743022096,0.0008160846064056363,0.9972799760802681,0.0005798405172905515,0.3552575999714059,0.2546687546355006,12.592459892478988,12.557667869572873,-0.034792022901544185,0.25369888855959893,-0.05653868226770574,0.008243987206396306,0.5047835311507675
16.6,-1.806616591576036,0.004040496098539498,0.019948847488780876,1.0082917833128706,0.008257595333814576,0.5050429430729881,0.0007886188247982533,0.9972978838546792,0.0005603007430419626,0.35524180086957746,0.2546680577760838,12.591752196493342,12.557016697232235,-0.03473549925491529,0.2536857331153878,-0.05419558229937159,0.008154359738383205,0.5049420271600592
16.8,-1.806616591576036,0.003873750947981915,0.019959313797043486,1.0081992570705078,0.00816582577910336,0.5051979289375345,0.0007612595903225405,0.9973179293690273,0.0005408384960332461,0.3552260640841953,0.25466714296810655,12.591068803930982,12.556392403019377,-0.034676400902010344,0.2536731206821254,-0.05194903412708761,0.00806357817101575,0.5050951162324011
17.0,-1.806616591576036,0.0037138871170832037,0.019969348995766308,1.0081056594562652,0.008072985045003261,0.5053474555849166,0.0007340304369214045,0.9973399815791787,0.0005214704765463172,0.35521039068448945,0.25466601299303393,12.590408741626478,12.55579387730062,-0.03461486431694135,0.2536610288422073,-0.049795061099885685,0.007971720232392964,0.5052428200728285
17.2,-1.806616591576036,0.00356062062420978,0.019978970809670513,1.0080110667105746,0.007979148468447777,0.5054915512674927,0.0007069535652275995,0.9973639147908084,0.0005022124347630918,0.3551947818534641,0.25466467080706,12.58977107794837,12.555220056267515,-0.03455102167276011,0.2536494361038229,-0.04772985002048284,0.007878861803370205,0.5053851650867869
17.400000000000002,-1.806616591576036,0.0034136792072196947,0.019988196237417443,1.007915553199286,0.007884389551712681,0.5056302485595691,0.0006800498906785023,0.9973896084829912,0.00048307920513809046,0.35517923887621733,0.2546631195288256,12.589154921019412,12.554669920043485,-0.03448500096792795,0.2536383218627041,-0.04574974445314782,0.00778507693828501,0.5055221821103846
17.6,-1.806616591576036,0.003272801839816993,0.019997041581130245,1.0078191914477663,0.007788779996091167,0.5057635840863199,0.0006533391015044316,0.997416947091276,0.00046408474778169195,0.3551637631308556,0.25466136242708515,12.58855941702397,12.554142490868607,-0.03441692614830726,0.25362766636545325,-0.04385123830342441,0.007690437885878137,0.5056539061514573
17.8,-1.806616591576036,0.0031377382678653507,0.020005522474733407,1.0077220521610102,0.007692389721628301,0.5058915982949315,0.0006268397050712828,0.9974458198368144,0.00044524218156128016,0.35514835607824824,0.2546594029093629,12.587983748587943,12.553636831358894,-0.03434691722486936,0.2536174506743762,-0.042030969658828264,0.007595015110395824,0.5057803761410438
18.0,-1.806616591576036,0.003008248564837396,0.020013653911155962,1.007624204248994,0.007595286891996278,0.5060143352224836,0.000600569076077992,0.997476120547189,0.0004265638185150161,0.35513301925291024,0.2546572445109068,12.587427133224953,12.553152042837416,-0.03427509038731476,0.2536076566337659,-0.040285714880000593,0.007498877312859598,0.5059016346948879
18.2,-1.806616591576036,0.0028841027056099216,0.020021450268442573,1.0075257148566785,0.007497537943930298,0.5061318422651009,0.0005745435056723545,0.9975077474727322,0.0004080611989122324,0.35511775425492137,0.254654890884079,12.586888821846687,12.55268726373725,-0.0342015581137655,0.2535982668376379,-0.03861238293237454,0.007402091452490141,0.5060177278845945
18.400000000000002,-1.806616591576036,0.0027650801578479535,0.020028925334815026,1.0074266493809172,0.007399207603620989,0.5062441699802077,0.0005487782408420476,0.9975406031416947,0.00038974511939872863,0.3551025627407367,0.2546523457884097,12.586368097335184,12.552241668066472,-0.03412642927671622,0.2535892645987193,-0.037008009948673475,0.007304722768272063,0.5061287050180864
18.6,-1.806616591576036,0.002650969490251764,0.02003609233272512,1.0073270715033216,0.0073003589188965065,0.5063513718679566,0.0005232875318576585,0.9975745941817855,0.0003716256668577051,0.3550874464163542,0.25464961308086104,12.585864273174835,12.551814463938783,-0.034049809245386246,0.25358063391876273,-0.03546975401292132,0.007206834800646572,0.5062346184290102
18.8,-1.806616591576036,0.0025415679969709353,0.02004296394193853,1.007227043210081,0.007201053278415205,0.5064535041843995,0.000498084670285184,0.9976096311796754,0.00035371224556515567,0.3550724070293447,0.25464669670669404,12.58537669214187,12.551404892165033,-0.0339717999846373,0.25357235946009216,-0.0339948901571342,0.007108489413319574,0.5063355232747728
19.0,-1.806616591576036,0.0024366813375182907,0.020049552321687647,1.0071266248166508,0.007101350435654948,0.5065506257530803,0.00047318202853053156,0.9976456285335321,0.0003360136054287662,0.35505744636187647,0.2546436006906546,12.584904725049109,12.551012224902538,-0.03389250015059985,0.2535644265183148,-0.032580805562108364,0.0070097468151726055,0.5064314773428815
19.200000000000003,-1.806616591576036,0.002336123191544034,0.02005586913193003,1.007025874996754,0.007001308537149209,0.5066427977787287,0.00044859110014372304,0.9976825043017045,0.00031853787076113174,0.35504256622464886,0.2546403291285895,12.584447769543763,12.550635764360031,-0.0338120051831437,0.2535568209961579,-0.03122499495401891,0.0069106655822647025,0.5065225408652854
19.400000000000002,-1.806616591576036,0.0022397149278568433,0.020061925553747816,1.006924850799195,0.006900984138592958,0.506730083685311,0.00042432253225588534,0.9977201800834653,0.0003012925634595061,0.35502776844974765,0.2546368861794098,12.584005248956029,12.55027484155621,-0.033730407395330106,0.2535495293783881,-0.029925056189002274,0.006811302679913159,0.5066087763404239
19.6,-1.806616591576036,0.0021472852871039297,0.020067732308921976,1.0068236076794936,0.006800432235637467,0.5068125489405044,0.0004003861645519668,0.9977585808718208,0.0002842846308230754,0.35501305488563856,0.2546332760574678,12.583576611196305,12.549928815129691,-0.03364779605996611,0.253542538707769,-0.028678686018104037,0.006711713484841772,0.5066902483626986
19.8,-1.806616591576036,0.0020586700775464574,0.020073299678714143,1.0067221995193836,0.006699706282611494,0.5068902609034295,0.0003767910606113328,0.9977976349376556,0.00026752046794406386,0.3549984273910579,0.2546295030252338,12.58316132769875,12.549597070198335,-0.03356425749338913,0.2535358365620167,-0.027483676025261312,0.006611951807385157,0.5067670234590956
20.0,-1.806616591576036,0.0019737118833898152,0.02007863752188741,1.0066206786508294,0.006598858215706476,0.5069632886721861,0.0003535455404977406,0.9978372737080266,0.0002510059409815383,0.3549838878297807,0.25462557138630865,12.582758892409005,12.549279017265786,-0.03347987513658783,0.25352941103170895,-0.02633790873138115,0.006512069913738166,0.506839169932697
20.200000000000003,-1.806616591576036,0.0018922597851506674,0.020083755291996432,1.0065190958840244,0.006497938480101332,0.5070317029341694,0.00033065721395928127,0.9978774316411855,0.0002347464108633165,0.35496943806619063,0.2546214854788607,12.582368820813816,12.548974091173143,-0.03339472963378198,0.25352325069910586,-0.02523935385777374,0.006412118548239568,0.5069067577128268
20.400000000000002,-1.806616591576036,0.001814169091564043,0.020088662053975814,1.0064175005240803,0.006396996045837158,0.5070955758336694,0.00030813300727539945,0.997918046128078,0.00021874675247138912,0.3549550799598049,0.25461724966916,12.581990649010361,12.548681750093646,-0.033308898908551945,0.25351734461783987,-0.024186064742428577,0.006312146955679539,0.5069698582115907
20.6,-1.806616591576036,0.001739301082554183,0.020093366500054877,1.0063159404014392,0.006296078437313192,0.5071549808317659,0.0002859791953742398,0.9979590573706365,0.00020301137756525574,0.354940815361743,0.2546128683456851,12.581623932813663,12.548401474568346,-0.03322245823762412,0.25351168229343396,-0.02317617490299764,0.006212202903620688,0.5070285441865733
20.8,-1.806616591576036,0.0016675227628126304,0.02009787696502566,1.006214461891031,0.0061952317515899975,0.5072099925826178,0.00026420142778615566,0.9980004082859614,0.000187544253323298,0.354926646110134,0.25460834591329073,12.581268246911494,12.548132766583441,-0.03313548032240907,0.25350625366466106,-0.022207894740509163,0.006112332704722637,0.507082889609468
21.0,-1.806616591576036,0.0015987066255457503,0.02010220144089,1.0061131099356033,0.006094500680831647,0.5072606868106735,0.00024280475560074316,0.9980420444055964,0.00017234892159217262,0.3549125740262995,0.25460368678772444,12.580923184047798,12.547875148684792,-0.033048035358379135,0.2535010490856549,-0.021279508378061848,0.006012581239060468,0.5071329695404226
21.200000000000003,-1.806616591576036,0.0015327304259720419,0.02010634759091065,1.0060119280727169,0.005993928538384794,0.5073071401912034,0.0002217936588963888,0.9980839137720362,0.00015742851846680474,0.3548986009116421,0.2545988953905574,12.580588354234465,12.547628163127863,-0.032960191102376836,0.2534960593087366,-0.0203893706290603,0.0059129919764275025,0.5071788600078911
21.400000000000002,-1.806616591576036,0.0014694769641668748,0.020110322763090247,1.005910958451277,0.005893557274455244,0.5073494302424053,0.00020117206905741414,0.9981259668571129,0.0001427857902359624,0.35488472854353253,0.2545939761440206,12.580263384005216,12.547391371064402,-0.032872012937930115,0.2534912754679834,-0.019535904089721223,0.005813606998613273,0.5072206378937896
21.6,-1.806616591576036,0.0014088338768688882,0.020114134003101157,1.0058102418607273,0.00579342750436748,0.5073876352145279,0.00018094339530360068,0.9981681564611119,0.00012842311231385905,0.3548709586729621,0.25458893346653155,12.579947915700297,12.547164351762342,-0.03278356393865644,0.25348668906346844,-0.018717596350738063,0.005714467021647719,0.507258380823763
21.8,-1.806616591576036,0.0013506934378782305,0.02011778806668829,1.0057098177498334,0.005693578526478808,0.5074218339898473,0.00016111054626029365,0.9982104376332873,0.00011434250464618294,0.3548572930211804,0.25458377176809643,12.579641606780628,12.546946701857678,-0.03269490492983953,0.25348229194614685,-0.017932997323310072,0.005615611418002865,0.5072921670623758
22.0,-1.806616591576036,0.0012949523666920576,0.020121291431566053,1.00560972424931,0.005594048343913675,0.5074521059844631,0.00014167595231935644,0.9982527675882714,0.00010054564767315498,0.3548437332770198,0.25457849544606836,12.579344129170474,12.54673803463718,-0.03260609454822689,0.25347807630336433,-0.017180716674852454,0.0055170782387436255,0.507322075413045
22.200000000000003,-1.806616591576036,0.0012415116450373539,0.02012465030882987,1.0055099981977995,0.005494873689636025,0.5074785310538187,0.00012264158834901682,0.9982951056201547,8.703389853559871e-05,0.3548302810948405,0.25457310888130763,12.57905516862767,12.546537979350777,-0.03251718930014573,0.2534740346449658,-0.01645942136989912,0.00541890423561941,0.5073481851225426
22.400000000000002,-1.806616591576036,0.0011902763409751683,0.02012787065390182,1.005410675158205,0.005396090041935648,0.5075011894052167,0.00010400899231162658,0.9983374130346518,7.380830437199273e-05,0.35481693809152554,0.2545676164341028,12.578774424140459,12.546346180552435,-0.03242824361797798,0.25347015978997905,-0.015767833311930515,0.005321124883088699,0.5073705757899012
22.6,-1.806616591576036,0.0011411554402637992,0.020130958177029257,1.0053117894456562,0.005297731651487069,0.5075201615111022,8.577928720838341e-05,0.9983796530652779,6.08696179725665e-05,0.3548037058450724,0.2545620224408619,12.578501607349992,12.54616229746833,-0.03233930991506834,0.2534664448538503,-0.015104727082022528,0.005223774400268806,0.5073893272795589
22.8,-1.806616591576036,0.0010940616846813666,0.020133918353354402,1.0052133741458813,0.005199831558878723,0.5075355280287575,6.795319905638394e-05,0.998421790807216,4.821831061293095e-05,0.35479058589222534,0.2545563312105409,12.578236441997559,12.545986003391219,-0.03225043863913129,0.2534628832362086,-0.014468927770307612,0.0051268857728033685,0.5074045196385907
23.0,-1.806616591576036,0.0010489114170205674,0.020136756432572327,1.0051154611371003,0.005102421615649441,0.5075473697225061,5.0531075473517065e-05,0.9984637931477605,3.5854585314964776e-05,0.3547775797267157,0.254550547021429,12.577978663395571,12.54581698509976,-0.03216167832418567,0.25345946860913493,-0.013859308896511296,0.005030490774640354,0.5074162330178743
23.200000000000003,-1.806616591576036,0.0010056244324802566,0.020139477448194,1.0050180811149645,0.005005532508368807,0.5075557673899441,3.351290450286544e-05,0.9985056286948112,2.3778390273355325e-05,0.35476468879804507,0.25454467411832166,12.577728017921366,12.545654942301667,-0.03207307564111329,0.25345619490591215,-0.013274790415896926,0.00493461998971356,0.5074245475970475
23.400000000000002,-1.806616591576036,0.0009641238361898863,0.020142086226430326,1.0049212636086424,0.004909193773917862,0.5075608017914969,1.6898330186846868e-05,0.9985472677203132,1.1989429971591014e-05,0.35475191450937593,0.2545387167093457,12.577484262532893,12.5454995870995,-0.03198467544685162,0.2534530563102325,-0.01271433680712822,0.0048393028335208975,0.5074295435131162
23.6,-1.806616591576036,0.0009243359066136773,0.020144587394712647,1.0048250370075356,0.004813433825360244,0.5075625535837,6.866707271121496e-07,0.9985886820904551,4.87178128749994e-07,0.3547392582168617,0.25453267896360704,12.577247164305305,12.545350643478836,-0.03189652083229111,0.2534500472458574,-0.012176955238697083,0.004744567574592824,0.5074313007925803
23.8,-1.806616591576036,0.0008861899645919077,0.02014698538986439,1.0047294285791937,0.0047182799690688795,0.5075611032553381,-1.5123066504172731e-05,0.9986298452104827,-1.0729111591878746e-05,0.3547267212280786,0.2545265650084735,12.57701649998754,12.545207846819098,-0.03180865316892984,0.2534471623667348,-0.011661693810732914,0.0046504413558447425,0.5074298992869464
24.0,-1.806616591576036,0.0008496182477866596,0.020149284465938066,1.0046344644904337,0.0046237584250536775,0.5075565310666267,-3.0532169501875804e-05,0.9986707319666712,-2.1660394557847846e-05,0.35471430480099186,0.2545203789272083,12.57679205557791,12.545070943421743,-0.031721112154303475,0.2534443965474673,-0.011167639869057031,0.004556950215807175,0.5074254186115039
24.200000000000003,-1.806616591576036,0.0008145557903090078,0.02015148870173119,1.0045401698335008,0.004529894352323227,0.5075489169936261,-4.554220549980441e-05,0.9987113186636464,-3.230782367431369e-05,0.35470201014367264,0.2545141247571532,12.576573625917785,12.544939690059634,-0.0316339358562072,0.2534417448742081,-0.010693918388560644,0.004464119109727924,0.5074179380872419
24.400000000000002,-1.806616591576036,0.0007809403073138078,0.020153602007994223,1.0044465686361088,0.004436711858215729,0.5075383406697765,-6.015500925567494e-05,0.9987515829849143,-4.267274102516182e-05,0.35468983841221946,0.25450780648687604,12.576361014302389,12.544813853545016,-0.03154716075602666,0.25343920263593345,-0.01023969042305584,0.004371971930540557,0.5074075366857927
24.6,-1.806616591576036,0.0007487120843570793,0.020155628134343035,1.0043536838867788,0.0043442340229709565,0.5075248813351456,-7.437266802593578e-05,0.9987915039339176,-5.275666716939072e-05,0.3546777907106481,0.254501428054572,12.576154032107787,12.544693210315128,-0.031460821790597115,0.2534367653160702,-0.009804151618878243,0.004280531529693721,0.5073942929772887
24.8,-1.806616591576036,0.0007178138713194453,0.020157570675887932,1.004261537560748,0.004252482924889671,0.5075086177897156,-8.819750695270736e-05,0.9988310617772752,-6.256129073368447e-05,0.3546658680909804,0.2544949933466979,12.575952498433093,12.544577546034803,-0.031374952393290106,0.2534344285844677,-0.009386530789610313,0.0041898197378361975,0.507378285081024
25.0,-1.806616591576036,0.0006881907807071942,0.020159433079590807,1.004170150639725,0.0041614796593834385,0.5074896283479722,-0.00010163207655381707,0.998870237997606,-7.208845950033709e-05,0.35465407155271594,0.25448850619632635,12.575756239756972,12.544466655215453,-0.03128958453401722,0.25343218828970016,-0.008986088549458548,0.004099857385352553,0.507359590618818
25.200000000000003,-1.806616591576036,0.0006597901901502963,0.02016121865036146,1.004079543128555,0.004071244354966159,0.5074679907935891,-0.00011467914118818602,0.9989090152512331,-8.134017219019586e-05,0.35464240204205216,0.25448197038135456,12.575565089613987,12.544360340849815,-0.031204748758270024,0.25343004045168754,-0.008602116002848279,0.004010664322744666,0.5073382866709774
25.400000000000002,-1.806616591576036,0.0006325616489241843,0.02016293055690379,1.0039897340661292,0.003981796183525537,0.5074437823315605,-0.00012734166891761447,0.9989473773333897,-9.03185712389191e-05,0.3546308604505254,0.25447538962229915,12.575378888290416,12.544258414061824,-0.03112047422516675,0.25342798125462196,-0.008233933487930603,0.003922259440854513,0.507314449734763
25.6,-1.806616591576036,0.000606456788329234,0.020164571837322003,1.003900741554703,0.0038931533889460064,0.5074170795539765,-0.00013962281789812705,0.9989853091230305,-9.902593311523868e-05,0.3546194476159725,0.2544687675817652,12.575197482517101,12.544160693771024,-0.03103678874458235,0.2534260070401879,-0.007880889371804102,0.003834660690923749,0.5072881556852642
25.8,-1.806616591576036,0.0005814292357687506,0.020166145404496662,1.003812582782238,0.003805333308804892,0.5073879584055337,-0.00015152592484951065,0.9990227965379365,-0.00010746466011638671,0.3546081643227593,0.25446210786351997,12.575020725184432,12.544067006370849,-0.030953718813432906,0.2534241143010629,-0.007542358895325833,0.00374788510448596,0.5072594797385914
26.0,-1.806616591576036,0.0005574345323728273,0.020167654051239985,1.003725274041314,0.003718352392672093,0.5073564941495476,-0.00016305449465754148,0.9990598264951752,-0.00011563727296974565,0.3545970113016976,0.2544554140114134,12.574848475070201,12.543977185420191,-0.030871289651082386,0.2534222996746857,-0.007217743065457357,0.003661948813087522,0.5072284964173017
26.200000000000003,-1.806616591576036,0.0005344300540217399,0.020169100455239404,1.00363883074525,0.003632226217643479,0.5073227613331973,-0.00017421219072685936,0.9990963868755731,-0.0001235464039695213,0.3545859892297233,0.2544486895081291,12.574680596578915,12.543891071347629,-0.030789525233936285,0.25342055993728185,-0.006906467593217948,0.0035768670678332196,0.5071952795179681
26.400000000000002,-1.806616591576036,0.0005123749356285897,0.020170487183798037,1.0035532674390397,0.003546969498728014,0.5072868337489983,-0.00018500282637164337,0.999132466494329,-0.0001311947908517554,0.35457509872904436,0.2544419377735027,12.574516959492183,12.543808511167674,-0.030708448329178687,0.2534188919981301,-0.006607981875373452,0.0034926542587530108,0.5071599020808157
26.6,-1.806616591576036,0.0004912299985466796,0.020171816698380376,1.0034685978268467,0.00346259611574848,0.507248784412912,-0.00019543035370740326,0.9991680550549153,-0.00013858526890044373,0.35456434036836587,0.25443516216452067,12.57435743872982,12.543729358208497,-0.03062808052772683,0.25341729289406256,-0.0063217580180338715,0.003409323933986469,0.5071224363613442
26.8,-1.806616591576036,0.0004709576809726879,0.020173091358971187,1.0033848347931564,0.003379119133944458,0.5072086855403458,-0.00020549885414663415,0.9992031431114612,-0.0001457207641935392,0.35455371466344004,0.2544283659748841,12.5742019141213,12.54365347185219,-0.030548442276468614,0.2534157597842167,-0.0060472899004684975,0.0033268888187816133,0.5070829538038595
27.0,-1.806616591576036,0.00045152197122199007,0.02017431342825523,1.0033019904208031,0.0032965508214811414,0.5071666085216537,-0.0002152125297761572,0.9992377220355523,-0.00015260428747650064,0.35454322207732175,0.25442155243439046,12.574050270187195,12.543580717284822,-0.03046955290974526,0.25341428994498616,-0.005784092277477616,0.0032453608343049976,0.5070415250168431
27.200000000000003,-1.806616591576036,0.0004328883437576097,0.020175485075625152,1.0032200760064853,0.003214902664469563,0.5071226238962041,-0.000224575695299842,0.9992717839863183,-0.0001592389284389004,0.35453286302040105,0.25441472470813364,12.57390239593021,12.543510965256175,-0.03039143068013666,0.2534128807651666,-0.00553169991872934,0.0031647511162601672,0.5069982197500879
27.400000000000002,-1.806616591576036,0.00041502369785915766,0.0201766083810246,1.0031391020716456,0.0031341853773871127,0.5070768013217872,-0.00023359277072349075,0.9993053218855272,-0.0001656278505191429,0.354522637849954,0.25440788589526286,12.57375818463549,12.543444091850425,-0.030314092788500276,0.2534115297413229,-0.005289666783537921,0.003085070033311675,0.5069531068735309
27.6,-1.806616591576036,0.0003978962988228105,0.020177685338633285,1.0030590783881395,0.0030544089282526434,0.5070292095627634,-0.00024226827234606022,0.9993383293790619,-0.00017177428451114072,0.35451254687154277,0.2544010390293992,12.573617533679792,12.543379978266087,-0.030237555413337384,0.25341023447334343,-0.0050575652296518565,0.0030063272053120348,0.5069062543577181
27.8,-1.806616591576036,0.00038147572158787717,0.020178717860400493,1.0029800139981688,0.0029755825581070715,0.5069799164746954,-0.00025060680496133175,0.9993708008053689,-0.00017768152303114458,0.3545025903397966,0.2543941870785924,12.573480344349175,12.543318510604932,-0.030161833739542985,0.25340899266017564,-0.004834985254630633,0.0029285315213292353,0.5068577292558367
28.0,-1.806616591576036,0.0003657327966898119,0.020179707779433235,1.0029019172313853,0.002897714797689941,0.5069289889877003,-0.0002586130547333197,0.999402731167542,-0.00018335291546406495,0.35449276845891914,0.25438733294507765,12.573346521664844,12.543259579669565,-0.030086941986497685,0.25340780209573643,-0.004621533768468605,0.0028516911574724855,0.5068075976872535
28.200000000000003,-1.806616591576036,0.00035063955844366384,0.02018065685324501,1.0028247957197436,0.0028208134818907362,0.5068764930878812,-0.00026629178248446697,0.9994341161080859,-0.0001887918632041251,0.3544830813829892,0.25438047946484355,12.573215974216765,12.543203080769327,-0.030012893435554265,0.2534066606649912,-0.004416833896194019,0.002775813594514027,0.5067559248224996
28.400000000000002,-1.806616591576036,0.0003361691952659177,0.020181566766870922,1.0027486564082475,0.0027448857601192556,0.5068224937934702,-0.00027364781748295656,0.999464951887741,-0.00019400181525078535,0.35447352921582914,0.25437362940676145,12.57308861400471,12.543148913534251,-0.029939700456871585,0.25340556634019473,-0.0042205243092093255,0.0027009056353051353,0.506702774869645
28.6,-1.806616591576036,0.00032229600204647645,0.020182439135854557,1.0026735055787952,0.0026699381197551456,0.5067670551510901,-0.0002806860502006453,0.9994952353532951,-0.0001989862630773395,0.35446411201250716,0.25436678547332475,12.572964356286327,12.543096981736703,-0.029867374535658596,0.2534045171772884,-0.004032258584172439,0.0026269734219843623,0.5066482110620046
28.8,-1.806616591576036,0.0003089953344861805,0.02018327550911198,1.002599348868874,0.0025959764044798327,0.5067102402274484,-0.0002874114259555334,0.9995249639111062,-0.00020374873612795017,0.35445482978027637,0.2543599503009166,12.57284311943192,12.543047193120435,-0.029795926297883763,0.2534035113124462,-0.0038517045883009584,0.002554022452976437,0.5065922956471262
29.0,-1.806616591576036,0.0002962435653187479,0.020184077371677826,1.0025261912877041,0.0025230058300821042,0.5066521110991619,-0.0002938289390558007,0.9995541355036046,-0.00020829279767158146,0.3544456824792619,0.25435312645986924,12.572724824785515,12.542999459236732,-0.029725365535404554,0.25340254695876463,-0.0036785438900215307,0.0024820575997802127,0.5065350898770035
29.200000000000003,-1.806616591576036,0.00028401804233936767,0.020184846147338353,1.0024540372303858,0.002451030998287547,0.5065927288403085,-0.00029994362723122415,0.9995827485879704,-0.00021262204086088627,0.3544366700229601,0.25434631645433,12.572609396531906,12.542953695287308,-0.029655701230568328,0.2534016224030887,-0.0035124711938960647,0.002411083123544287,0.5064766539994693
29.400000000000002,-1.806616591576036,0.0002722970481653933,0.02018558320115611,1.002382890488432,0.0023800559069970884,0.5065321535042879,-0.0003057605663648028,0.9996108021180766,-0.00021674008500491203,0.3544277922783534,0.2543395227217007,12.572496761569244,12.542909819973673,-0.029586941580232565,0.25340073600296886,-0.003353193798843438,0.002341102691429023,0.5064170472507161
29.6,-1.806616591576036,0.0002610597616576459,0.020186289841890612,1.002312754271806,0.0023100839720174614,0.5064704441265715,-0.00031128486473951616,0.9996382955176196,-0.00022065057150014132,0.35441904906745497,0.2543327476336192,12.572386849387533,12.542867755352649,-0.029519094019267177,0.25339988618374193,-0.0032004310786904345,0.002272119392753832,0.5063563278488994
29.8,-1.806616591576036,0.0002502862209338062,0.02018696732431941,1.0022436312263632,0.002241118044223749,0.506407658722131,-0.00031652165790028384,0.9996652286578982,-0.0002243571601985102,0.3544104401683488,0.25432599349647095,12.57227959195729,12.542827426697695,-0.029452165243584672,0.2533990714357294,-0.003053913984140202,0.0022041357549286993,0.5062945529887776
30.0,-1.806616591576036,0.0002399572879081858,0.020187616851463502,1.0021755234490095,0.0021731604244605222,0.5063438542805656,-0.0003214761038752141,0.9996916018380276,-0.00022786352603101096,0.354401965315997,0.25431926255168563,12.572174923615913,12.542788762365893,-0.02938616123265458,0.25339829031155037,-0.0029133845652610586,0.0021371537591691066,0.5062317788373463
30.200000000000003,-1.806616591576036,0.00023005461429488782,0.02018823957672114,1.002108432501103,0.0021062128767016138,0.5062790867587187,-0.00032615337858152917,0.9997174157669066,-0.00023117335576304504,0.3543936242028813,0.25431255697584504,12.572072780962074,12.542751693671592,-0.029321087271551607,0.25339754142356874,-0.002778595513665578,0.0020711748559935367,0.5061680605304223
30.400000000000002,-1.806616591576036,0.00022056060901396853,0.020188836605913738,1.0020423594187018,0.0020402766380797936,0.5062134110673784,-0.00033055867136993095,0.9997426715477814,-0.0002342903448485557,0.35438541647930244,0.25430587888037737,12.571973102756111,12.542716154763893,-0.029256947972484213,0.2533968234414181,-0.0026493097235719774,0.0020061999805029832,0.5061034521701386
30.6,-1.806616591576036,0.00021145840694269317,0.020189408999247503,1.0019773047328198,0.0019753524389129556,0.5061468810791482,-0.0003346971805266456,0.999767370655851,-0.00023721819425580163,0.3543773417549247,0.2542992303127164,12.571875829824467,12.542682082509334,-0.02919374729585928,0.2533961350896316,-0.002525299870949592,0.0019422295674418708,0.5060380068233097
30.8,-1.806616591576036,0.00020273183895638317,0.020189957773194246,1.00191326848561,0.0019114405186840386,0.5060795496304851,-0.00033857410916897086,0.9997915149196359,-0.00023996060757253544,0.3543693995998661,0.2542926132569963,12.571780904968309,12.54264941637996,-0.029131488570930165,0.2533954751453807,-0.00240634801002271,0.001879263566040065,0.5059717765206294
31.0,-1.806616591576036,0.00019436540320563045,0.020190483902294738,1.0018502502445223,0.0018485406400113142,0.5060114685211351,-0.0003421946613828684,0.999815106504319,-0.0002425212882832913,0.35436158954558267,0.2542860296345351,12.571688272876195,12.542618098345866,-0.029070174515981893,0.2533948424363041,-0.00229224518640876,0.0018173014546355856,0.5059048122566651
31.200000000000003,-1.806616591576036,0.0001863442375788591,0.020190988320887743,1.0017882491149241,0.0017866521010978013,0.5059426885109127,-0.0003455640384615695,0.9998381478964885,-0.0002449039371187842,0.35435391108560066,0.25427948130413125,12.571597880040654,12.542588072772116,-0.029009807258099575,0.2533942358384256,-0.0021827910662138464,0.001756342255077889,0.5058371639906107
31.400000000000002,-1.806616591576036,0.00017865409330131452,0.020191471924767807,1.0017272637500054,0.0017257737454815462,0.5058732593104881,-0.00034868743515219014,0.9998606418909167,-0.0002471122494113486,0.354346363675956,0.2542729700619693,12.571509674678556,12.542559286319879,-0.028950388352465935,0.25339365427415633,-0.002077793580411916,0.0016963845469116087,0.5057688806477669
31.6,-1.806616591576036,0.00017128130962358162,0.020191935572774752,1.0016672923692849,0.0016659039803818114,0.5058032295932214,-0.00035157003621566637,0.999882591571946,-0.00024914991267368505,0.3543389467366995,0.25426649764289966,12.571423606655106,12.542531687851627,-0.028891918801244903,0.25339309671037985,-0.001977068583892357,0.0016374264813407834,0.5057000101217124
31.8,-1.806616591576036,0.00016421278955467038,0.020192380088317665,1.001608332773541,0.0016070407914917121,0.5057326470008592,-0.00035421701319870926,0.9999040002978867,-0.00025102060432805615,0.3543316596530023,0.25426006572126886,12.571339627411367,12.542505228340248,-0.028834399072092492,0.2533925621566157,-0.0018804395285753322,0.0015794657949736543,0.5056305992771359
32.0,-1.806616591576036,0.00015743597659656066,0.02019280626083606,1.0015503823579597,0.0015491817559995975,0.5056615581464308,-0.0003566335213516287,0.9999248716870084,-0.0002527279895391272,0.3543245017760765,0.25425367591154246,12.571257689895154,12.542479860781931,-0.028777829116246857,0.2533920496632597,-0.001787737149998346,0.0015224998233483002,0.505560693953298
32.2,-1.806616591576036,0.00015093883243887587,0.02019321484720087,1.0014934381239524,0.0014923240542954973,0.5055900086144202,-0.0003588246965795205,0.9999452096046326,-0.00025427571907070217,0.35431747242396283,0.2542473297687493,12.571177748495154,12.542455540112657,-0.028722208386242978,0.25339155831989657,-0.001698799166830007,0.0014665255142393416,0.5054903389680906
32.4,-1.806616591576036,0.00014470981557406488,0.020193606573057625,1.0014374966886646,0.0014364644793794915,0.5055180429549867,-0.0003607956522974715,0.9999650181517946,-0.0002556674270745706,0.3543105708820682,0.25424102878855864,12.571099758978175,12.54243222312817,-0.02866753585320185,0.2533910872536834,-0.0016134699927760638,0.0014115394407461673,0.5054195781226684
32.6,-1.806616591576036,0.0001387378607951011,0.02019398213411434,1.0013825543017756,0.001381599453562026,0.5054457046987899,-0.00036255147688068763,0.9999843016498271,-0.00025690672930184797,0.35430379640460496,0.25423477440863324,12.57102367842935,12.542409868407253,-0.028613810023743705,0.25339063562779957,-0.0015316004603719469,0.0013575378141631104,0.5053484542066204
32.800000000000004,-1.806616591576036,0.00013301235953928287,0.020194342197376255,1.0013286068591947,0.0013277250420738814,0.5053730363655365,-0.00036409723117917175,1.000003064627331,-0.0002579972213600131,0.3542971482156823,0.25422856800955457,12.570949465195184,12.542388436238175,-0.02856102895656506,0.25339020263996054,-0.0014530475561593717,0.0013045164966322064,0.5052770090036592
33.0,-1.806616591576036,0.00012752314104321413,0.02019468740232973,1.001275649915196,0.0012748369651292852,0.5053000794696169,-0.00036543794609988727,1.0000213118084127,-0.00025894247701780765,0.3542906255102329,0.25422241091554665,12.570877078829302,12.542367888548164,-0.028509190278633606,0.25338978752099317,-0.001377674166785402,0.0012524710135791007,0.5052052832977959
33.2,-1.806616591576036,0.00012226045427548955,0.020195018362077294,1.0012236786934237,0.0012229306088657455,0.5052268745230092,-0.0003665786201680967,1.0000390481017776,-0.0002597460464954207,0.35428422745482624,0.2542163043950316,12.570806480040764,12.542348188835723,-0.02845829120104396,0.25338938953346846,-0.001305348835581337,0.0012013965659328845,0.5051333168799811
33.4,-1.806616591576036,0.00011721495061499264,0.020195335664425905,1.001172688095955,0.0011720010343567531,0.5051534610323671,-0.00036752421691109167,1.000056278591001,-0.00026041145462876687,0.3542779531882703,0.2542102496608434,12.570737630644814,12.5423293021057,-0.028408328534482104,0.2533890079703896,-0.0012359455291790968,0.0011512880421306792,0.505061148555184
33.6,-1.806616591576036,0.00011237766724403188,0.020195639872930382,1.0011226727184532,0.0011220429927101432,0.5050798775160187,-0.0003682796630553827,1.0000730085218232,-0.00026094219961077063,0.35427180182296625,0.25420424787161694,12.570670493515927,12.542311194806896,-0.028359298704349507,0.2533886421539316,-0.0011693434137477817,0.0011021400299077628,0.5049888161498877
33.800000000000004,-1.806616591576036,0.00010774001122681911,0.020195931527893767,1.001073626862647,0.001073050937509182,0.5050061615146777,-0.00036884984666981025,1.0000892432913082,-0.0002613417516941098,0.3542657724459618,0.25419830013277284,12.570605032543018,12.54229383477289,-0.028311197765581383,0.25338829143424557,-0.0011054266404679574,0.0010539468278742902,0.5049163565199762
34.0,-1.806616591576036,0.00010329374424500344,0.02019621114732647,1.001025544547467,0.0010250190359171211,0.5049323495992072,-0.00036923961531278623,1.0001049884379931,-0.0002616135518967554,0.3542598641198618,0.25419240749731054,12.570541212586683,12.542277191165104,-0.02826402141711661,0.25338795518830876,-0.00104408413985004,0.0010067024568795719,0.5048438055589941
34.2,-1.806616591576036,9.903096796314653e-05,0.020196479227865854,1.0009784195192273,0.0009779411788357361,0.504858477375692,-0.0003694537741158915,1.0001202496326935,-0.00026176101066229803,0.35425407588364216,0.25418657096644354,12.570478999438334,12.54226123441741,-0.0282177650160569,0.25338763281880533,-0.000985209424540404,0.000960400671164972,0.5047711982067535
34.4,-1.806616591576036,9.494410999814403e-05,0.020196736245657928,1.0009322452602134,0.0009318109894778193,0.5047845794849009,-0.00036949708362710566,1.00013503267015,-0.00026178750634977844,0.35424840675328967,0.25418079148992107,12.570418359781089,12.542245936183782,-0.028172423591469296,0.2533873237530689,-0.0009287004002558901,0.0009150349693066526,0.5046985684582719
34.6,-1.806616591576036,9.102591046766581e-05,0.02019698265720264,1.0008870150022453,0.0008866218369167763,0.5047106896207736,-0.00036937425863244625,1.0001493434586328,-0.00026169638441708997,0.3542428557230575,0.2541750699674214,12.570359261152344,12.542231269288019,-0.028127991857877187,0.25338702744206654,-0.0008744591845218637,0.0008705986049493043,0.5046259493730185
34.800000000000004,-1.806616591576036,8.726940909372348e-05,0.02019721890016433,1.0008427217379767,0.0008423668473815249,0.5046368405427188,-0.0003690899668293344,1.0001631880109616,-0.00026149095649898626,0.354237421766464,0.2541694072495671,12.570301671910661,12.542217207675499,-0.028084464228472578,0.25338674335942435,-0.0008223919328916386,0.0008270845973321746,0.5045533730844507
35.0,-1.806616591576036,8.366793283845279e-05,0.02019744539414881,1.0007993582310473,0.0007990389144108386,0.5045630640849834,-0.0003686488274534892,1.00017657243629,-0.0002611744994519098,0.3542321038371688,0.2541638041387609,12.570245561202064,12.542203726366902,-0.02804183482800641,0.2533864710004925,-0.0007724086723270309,0.0007844857416087013,0.5044808708098224
35.2,-1.806616591576036,8.021508405014868e-05,0.020197662541448287,1.0007569170254467,0.0007566307082248645,0.50448939116341,-0.0003680554098089296,1.0001895029323757,-0.0002607502543299405,0.35422690086976993,0.2541582613898751,12.570190898926874,12.542190801413804,-0.028000097505397878,0.253386209881448,-0.0007244231414564181,0.0007427946189611582,0.5044084728602459
35.4,-1.806616591576036,7.690472909849666e-05,0.0201978707277557,1.0007153904535966,0.0007151346838221631,0.5044158517768454,-0.0003673142315107662,1.0002019857784155,-0.00026022142515698106,0.35422181178045886,0.2541527797106544,12.570137655710136,12.54217840985613,-0.027959245846014023,0.25338595953843507,-0.0006783526374221216,0.0007020036065117382,0.5043362086509909
35.6,-1.806616591576036,7.373098747880931e-05,0.020198070322849482,1.0006747706483967,0.00067454309304201,0.5043424750265454,-0.0003664297578259087,1.000214027326612,-0.0002595911784769214,0.35421683546816835,0.254147359763089,12.570085802872942,12.542166529681316,-0.02791927318366658,0.25338571952674044,-0.0006341178690464816,0.0006621048870315415,0.5042641067120031
35.800000000000004,-1.806616591576036,7.068822136591607e-05,0.02019826168125015,1.0006350495533831,0.0006348479947440747,0.5042692891295713,-0.0003654064007920741,1.000225633994785,-0.0002588626427463213,0.3542119708155044,0.2541420021644369,12.5700353124051,12.54215513978522,-0.027880172612349517,0.2533854894200032,-0.0005916428160553271,0.0006230904584490645,0.504192194698627
36.0,-1.806616591576036,6.777102559914681e-05,0.020198445142849783,1.0005962189319209,0.0005960412640291721,0.5041963214293227,-0.000364248518250472,1.0002368122595553,-0.00025803890766560325,0.3542072166895752,0.25413670748807965,12.569986156939079,12.542144219934615,-0.027841936997685803,0.2533852688094575,-0.0005508545941061563,0.0005849521431596936,0.504120499402518
36.2,-1.806616591576036,6.497421808062043e-05,0.02019862103351556,1.000558270375759,0.0005581146008263881,0.5041235984035689,-0.00036296041275644237,1.0002475686498709,-0.00025712302342347214,0.3542025719427557,0.2541314762642439,12.569938309725226,12.542133750731256,-0.0278045589881086,0.2533850573032062,-0.0005116833253888819,0.0005476815971379015,0.504049046762727
36.4,-1.806616591576036,6.22928305697823e-05,0.020198789665668366,1.0005211953125905,0.0005210595374885037,0.5040511456674308,-0.0003615463301694249,1.0002579097408741,-0.0002561179997138281,0.35419803541334266,0.2541263089804648,12.569891744608157,12.54212371357745,-0.02776803102574787,0.25338485452552556,-0.00047406201456735636,0.0005112703188537629,0.5039778618769457
36.6,-1.806616591576036,5.972209985783553e-05,0.020198951338837583,1.0004849850166582,0.0004848674494357232,0.5039789879932304,-0.00036001045942198664,1.000267842147138,-0.00025502680558792216,0.3541936059265881,0.2541212060829168,12.569846436004328,12.542114090643025,-0.027732345357053944,0.25338466011619787,-0.00043792642983209043,0.00047570965799555154,0.5039069690128966
36.800000000000004,-1.806616591576036,5.725745930639202e-05,0.020199106340192955,1.0004496306178148,0.00044952956425857297,0.5039071493245769,-0.00035835693201129263,1.0002773725166358,-0.0002538523691094353,0.3541892822955575,0.2541161679774259,12.569802358880699,12.542104864833682,-0.027697494043181316,0.25338447372987194,-0.00040321498886489344,0.0004409908240001146,0.5038363916198558
37.0,-1.806616591576036,5.4894530735308905e-05,0.02019925494505454,1.0004151231097889,0.0004150369700290715,0.5038356527876908,-0.000356589821373548,1.0002865075251275,-0.00025259757692627126,0.35418506332190147,0.254111195030326,12.569759488734451,12.54209601976063,-0.027663468970107845,0.25338429503544985,-0.00036986864950676746,0.0004071048943928576,0.5037661523402952
37.2,-1.806616591576036,5.262911664530255e-05,0.02019939741738162,1.00038145335795,0.00038138062311390787,0.5037645207003566,-0.00035471314211801,1.000295253870767,-0.0002512652737425175,0.35418094779657716,0.25410628756919384,12.569717801573743,12.542087539711439,-0.02763026185850993,0.253384123715498,-0.000337830804939243,0.0003740428229391041,0.5036962730216309
37.4,-1.806616591576036,5.045719276152366e-05,0.02019953401024142,1.0003486121063323,0.00034855135525069475,0.5036937745761578,-0.00035273084891809277,1.0003036182688658,-0.0002498582615471313,0.35417693450049015,0.254101445883355,12.569677273899414,12.542079409622062,-0.02759786427336379,0.2533839594656819,-0.0003070471831884141,0.0003417954476087541,0.5036267747280686
37.6,-1.806616591576036,4.837490088484682e-05,0.020199664966258548,1.000316589986883,0.00031653988284790504,0.5036234351443796,-0.00035064683663047175,1.0003116074465492,-0.0002483792997123633,0.3541730222054123,0.25409667022515786,12.569637882687607,12.542071615049947,-0.027566267633308703,0.2533838019942227,-0.00027746575077256615,0.00031035349835604537,0.5035576777525306
37.800000000000004,-1.806616591576036,4.637854203817753e-05,0.02019979051804583,1.000285377527477,0.00028533681505579225,0.5035535223644456,-0.0003484649400956258,1.0003192281378899,-0.00024683110486606064,0.35416920967475984,0.2540919608109583,12.569599605373284,12.542064142148647,-0.027535463219788038,0.25338365102138494,-0.00024903662032859145,0.0002797076047164175,0.5034890016286567
38.0,-1.806616591576036,4.4464569895600214e-05,0.02019991088861741,1.0002549651592911,0.00025493266119866226,0.5034840554377196,-0.0003461889337983548,1.000326487079326,-0.0002452163506643814,0.3541654956643024,0.25408731782196287,12.569562419834552,12.542056977643378,-0.027505442185946246,0.25338350627898193,-0.00022171196205246247,0.000249848303222337,0.503420765142867
38.2,-1.806616591576036,4.262958448269506e-05,0.020200026291784814,1.0002253432238022,0.00022531783783150843,0.5034150528170822,-0.00034382253137516726,1.0003333910052004,-0.00024353766745566877,0.3541618789228343,0.2540827414049632,12.569526304377776,12.542050108807047,-0.02747619556530357,0.25338336750989193,-0.00019544591878946447,0.0002207660446400912,0.5033529863464762
38.400000000000006,-1.806616591576036,4.0870326136834085e-05,0.020200136932536635,1.0001965019792727,0.00019648267528752655,0.503346532212139,-0.00034136938476590285,1.0003399466433056,-0.00024179764169195134,0.35415835819279207,0.2540782316728673,12.569491237723428,12.542043523437787,-0.027447714280179038,0.2533832344676042,-0.00017019452462682145,0.00019245120102955122,0.5032856825678501
38.6,-1.806616591576036,3.9183669716725884e-05,0.020200243007402613,1.0001684316087247,0.00016841742571378106,0.5032785106088605,-0.00033883308461540726,1.0003461607107471,-0.00023999881622566627,0.3541549322110577,0.2540737887059055,12.56945719899262,12.542037209837295,-0.027419989149893714,0.25338310691578136,-0.00014591562684933263,0.0001648940726288864,0.5032188704245945
38.800000000000004,-1.806616591576036,3.756661905092383e-05,0.02020034470480263,1.0001411222269652,0.0001411122701603548,0.503211004284088,-0.0003362171603281631,1.0003520399100747,-0.00023814369036011268,0.3541515997096545,0.25406941255257565,12.569424167694278,12.542031156790042,-0.027393010898770404,0.2533829846278393,-0.00012256881111255324,0.0001380848945662817,0.503152565835768
39.0,-1.806616591576036,3.60163016154362e-05,0.02020044220538137,1.000114563887111,0.00011455732516999699,0.5031440288175518,-0.00033352507996640295,1.0003575909255848,-0.00023623471978864374,0.35414835941638995,0.25406510323046166,12.569392123712918,12.54202535354335,-0.027366770163909628,0.2533828673865449,-0.0001001153297046002,0.00011201384340071241,0.503086784034109
39.2,-1.806616591576036,3.4529963430983024e-05,0.020200535682329115,1.000088746586847,8.874264910176946e-05,0.5030775991018214,-0.00033076024998716024,1.0003628204196635,-0.0002342743164194065,0.35414521005547184,0.25406086072695466,12.569361047296953,12.54201978978829,-0.02734125750275924,0.25338275498362983,-7.851803276612804e-05,8.667104349383703e-05,0.5030215395782693
39.400000000000006,-1.806616591576036,3.310496417083563e-05,0.02020062530168935,1.0000636602743769,6.365824814755096e-05,0.5030117293482447,-0.0003279260146184108,1.0003677350290159,-0.00023226484794408852,0.35414215034809327,0.2540566849997965,12.56933091904779,12.542014455641368,-0.02731646340045554,0.2533826472194208,-5.7741302350087195e-05,6.204657321511408e-05,0.502956846365047
39.6,-1.806616591576036,3.173877247054799e-05,0.020200711222653652,1.0000392948552088,3.929408318630047e-05,0.5029464331060728,-0.0003250256564851356,1.0003723413615533,-0.00023020863829169587,0.354139179013125,0.25405257597820974,12.569301719909864,12.542009341626972,-0.027292378276963777,0.2533825439024847,-3.775098920324052e-05,3.813047098220612e-05,0.502892717641608
39.800000000000004,-1.806616591576036,3.042896143124827e-05,0.020200793597844432,1.0000156401982527,1.5640075946021823e-05,0.502881723276803,-0.0003220623968703428,1.000376645993378,-0.0002281079678233541,0.354136294767729,0.2540485335637941,12.56927343116051,12.542004438660538,-0.027268992494028966,0.25338244484928885,-1.8514352153309506e-05,1.4912741138852157e-05,0.5028291660176933
40.0,-1.806616591576036,2.9173204308503292e-05,0.020200872573585982,0.9999926861415381,-7.313885208311477e-06,0.5028176121262005,-0.0003190393958085537,1.0003806554658423,-0.0002259650734080683,0.3541334963279322,0.2540445576313105,12.569246034400297,12.541999738032409,-0.027246296361922457,0.2533823498838746,0.0,-7.616640327746205e-06,0.5027662034778008
